S0003375,중식,1153010900,서울특별시,구로구,궁동,\N,1153079000,수궁동,115303000019,부일로
S0023446,중식,5013010600,제주특별자치도,서귀포시,서홍동,\N,5013058000,서홍동,501303350347,중앙로
S0029492,치킨,4825010700,경상남도,김해시,삼계동,\N,4825055000,북부동,482504805031,가야로147번길
S0031321,심부름,4513014400,전라북도,군산시,나운동,\N,4513070100,나운1동,451303268023,대학로
S0049809,한식,5013010100,제주특별자치도,서귀포시,서귀동,\N,5013053000,중앙동,501304850198,동홍로8번길
S0056794,중식,1153010900,서울특별시,구로구,궁동,\N,1153079000,수궁동,115304148353,부일로13길
S0059058,한식,4817012000,경상남도,진주시,하대동,\N,4817067800,하대동,481704796379,도동로184번길
S0059783,한식,1153010200,서울특별시,구로구,구로동,\N,1153056000,구로5동,115304148197,공원로9길
S0064801,중식,1153010900,서울특별시,구로구,궁동,\N,1153079000,수궁동,115303000022,오리로
S0069540,한식,2644010400,부산광역시,강서구,명지동,\N,2644053500,명지1동,264403350853,명지국제2로28번길
S0077869,치킨,4143010300,경기도,의왕시,삼동,\N,4143052000,부곡동,414303201032,철도박물관로
S0077870,치킨,4143010300,경기도,의왕시,삼동,\N,4143052000,부곡동,414303201032,철도박물관로
S0077991,카페/디저트,4817013700,경상남도,진주시,충무공동,\N,4817075000,충무공동,481703350072,에나로175번길
S0078124,카페/디저트,5013010600,제주특별자치도,서귀포시,서홍동,\N,5013058000,서홍동,501304851148,홍중로27번길
S0078131,돈까스/일식,4122010100,경기도,평택시,서정동,\N,4122052000,서정동,412203188050,신서로
S0078132,돈까스/일식,4122010100,경기도,평택시,서정동,\N,4122052000,서정동,412203188050,신서로
S0078397,한식,4785025622,경상북도,칠곡군,석적읍,중리,4785025600,석적읍,478504766223,동중리9길
S0078473,한식,4136025328,경기도,남양주시,진접읍,금곡리,4136025300,진접읍,413604391778,해밀예당1로236번길
S0079298,한식,4617010200,전라남도,나주시,송월동,\N,4617051000,송월동,\N,\N
S0081007,찜탕,4122025330,경기도,평택시,안중읍,현화리,4122025300,안중읍,412204364471,안현로서9길
S0087709,한식,4313010500,충청북도,충주시,교현동,\N,4313054000,교현2동,431303238028,봉현로
S0087883,심부름,4122010900,경기도,평택시,이충동,\N,4122051000,중앙동,412203188047,송탄로
S0087884,심부름,4122010100,경기도,평택시,서정동,\N,4122052000,서정동,412203188006,관광특구로
S0088470,한식,2629010600,부산광역시,남구,대연동,\N,2629054000,대연4동,262903131036,천제등로
S0089979,중식,4115011100,경기도,의정부시,녹양동,\N,4115062000,녹양동,411503181020,비우로
S0089986,중식,1153010900,서울특별시,구로구,궁동,\N,1153079000,수궁동,115303000022,오리로
S0095196,중식,4115010900,경기도,의정부시,금오동,\N,4115058000,자금동,411504343512,금오로72번길
S0095197,중식,4115010900,경기도,의정부시,금오동,\N,4115058000,자금동,411504343512,금오로72번길
S0097402,찜탕,4122025330,경기도,평택시,안중읍,현화리,4122025300,안중읍,412204364471,안현로서9길
S0097599,중식,1153010900,서울특별시,구로구,궁동,\N,1153079000,수궁동,115303000019,부일로
S0098633,중식,1153010900,서울특별시,구로구,궁동,\N,1153079000,수궁동,115303000022,오리로
S0099011,중식,1153010900,서울특별시,구로구,궁동,\N,1153079000,수궁동,115304148353,부일로13길
S0100695,중식,4115010900,경기도,의정부시,금오동,\N,4115058000,자금동,411504343512,금오로72번길
S0100696,중식,4115010900,경기도,의정부시,금오동,\N,4115058000,자금동,411504343512,금오로72번길
S0100697,중식,4115010900,경기도,의정부시,금오동,\N,4115058000,자금동,411504343512,금오로72번길
S0101582,중식,5013010100,제주특별자치도,서귀포시,서귀동,\N,5013053000,중앙동,501304850836,중정로61번길
S0101854,아시안/양식,5013010100,제주특별자치도,서귀포시,서귀동,\N,5013052000,정방동,501303350269,태평로
S0103612,중식,4115010400,경기도,의정부시,신곡동,\N,4115056800,신곡2동,411503181019,부용로
S0103613,중식,4115010400,경기도,의정부시,신곡동,\N,4115056800,신곡2동,411503181019,부용로
S0103826,중식,4115011100,경기도,의정부시,녹양동,\N,4115062000,녹양동,411503181020,비우로
S0104259,찜탕,4122025330,경기도,평택시,안중읍,현화리,4122025300,안중읍,412204364471,안현로서9길
S0105957,중식,5013010100,제주특별자치도,서귀포시,서귀동,\N,5013053000,중앙동,501304850839,중정로91번길
S0107400,중식,4163034024,경기도,양주시,장흥면,석현리,4163034000,장흥면,416303212007,권율로
S0107542,분식,4421010200,충청남도,서산시,동문동,\N,4421053500,동문2동,442103254176,한마음13로
S0107544,카페/디저트,4163011600,경기도,양주시,덕계동,\N,4163054000,회천2동,416303215066,평화로
S0107545,카페/디저트,1154510300,서울특별시,금천구,시흥동,\N,1154567000,시흥1동,115452005010,시흥대로
S0107549,돈까스/일식,4125010300,경기도,동두천시,생연동,\N,4125053500,중앙동,412504367134,중앙로264번길
S0107550,카페/디저트,4115010600,경기도,의정부시,민락동,\N,4115057800,송산3동,411504343540,오목로225번길
S0107551,카페/디저트,4115010600,경기도,의정부시,민락동,\N,4115057800,송산3동,411504343540,오목로225번길
S0107552,카페/디저트,4115010600,경기도,의정부시,민락동,\N,4115057800,송산3동,411504343540,오목로225번길
S0107553,카페/디저트,4115010600,경기도,의정부시,민락동,\N,4115057800,송산3동,411504343540,오목로225번길
S0107554,회,4136025328,경기도,남양주시,진접읍,금곡리,4136025300,진접읍,413604391774,해밀예당1로200번길
S0107555,회,4136025328,경기도,남양주시,진접읍,금곡리,4136025300,진접읍,413604391774,해밀예당1로200번길
S0107556,돈까스/일식,1154510100,서울특별시,금천구,가산동,\N,1154551000,가산동,115454151195,디지털로9길
S0107557,돈까스/일식,1154510100,서울특별시,금천구,가산동,\N,1154551000,가산동,115454151195,디지털로9길
S0107558,돈까스/일식,4715010900,경상북도,김천시,교동,\N,4715057500,대신동,471503306011,대학로
S0107559,야식,4125010200,경기도,동두천시,지행동,\N,4125056600,송내동,412503189026,지행로
S0107561,카페/디저트,1154510200,서울특별시,금천구,독산동,\N,1154561000,독산1동,115452005010,시흥대로
S0107563,치킨,4715011400,경상북도,김천시,부곡동,\N,4715059500,대곡동,471504718424,부곡맛고을2길
S0107564,카페/디저트,4159014000,경기도,화성시,새솔동,\N,4159051500,새솔동,\N,\N
S0107566,치킨,4115010400,경기도,의정부시,신곡동,\N,4115056700,신곡1동,411504343093,동일로454번길
S0107567,치킨,4115010400,경기도,의정부시,신곡동,\N,4115056700,신곡1동,411504343093,동일로454번길
S0107569,치킨,4115010400,경기도,의정부시,신곡동,\N,4115056700,신곡1동,411504343093,동일로454번길
S0107574,배달전문업체,4115010100,경기도,의정부시,의정부동,\N,4115051000,의정부1동,411504343368,태평로146번길
S0107578,한식,4115010500,경기도,의정부시,용현동,\N,4115057300,송산1동,411504343357,충의로57번길
S0107582,돈까스/일식,4125010200,경기도,동두천시,지행동,\N,4125056600,송내동,412503189031,중앙로
S0107583,찜탕,4413125033,충청남도,천안시 동남구,목천읍,신계리,4413125000,목천읍,441313249055,충절로
S0107586,족발/보쌈,4115010600,경기도,의정부시,민락동,\N,4115057600,송산2동,411504343295,용현로160번길
S0107589,중식,4421010800,충청남도,서산시,석남동,\N,4421055000,석남동,442103254037,동서1로
S0107590,중식,4421010800,충청남도,서산시,석남동,\N,4421055000,석남동,442103254037,동서1로
S0107591,중식,4421010800,충청남도,서산시,석남동,\N,4421055000,석남동,442103254037,동서1로
S0107592,분식,4715010800,경상북도,김천시,신음동,\N,4715057500,대신동,471504718566,신기길
S0107593,분식,4715010800,경상북도,김천시,신음동,\N,4715057500,대신동,471504718566,신기길
S0107594,돈까스/일식,4715010800,경상북도,김천시,신음동,\N,4715057500,대신동,471504718781,조각공원길
S0107595,돈까스/일식,4715010800,경상북도,김천시,신음동,\N,4715057500,대신동,471504718781,조각공원길
S0107596,카페/디저트,4115010600,경기도,의정부시,민락동,\N,4115057600,송산2동,411504343290,용현로120번길
S0107597,카페/디저트,4115010600,경기도,의정부시,민락동,\N,4115057600,송산2동,411504343290,용현로120번길
S0107598,카페/디저트,4115010600,경기도,의정부시,민락동,\N,4115057600,송산2동,411504343290,용현로120번길
S0107599,카페/디저트,4115010600,경기도,의정부시,민락동,\N,4115057600,송산2동,411504343290,용현로120번길
S0107602,중식,4115010600,경기도,의정부시,민락동,\N,4115057800,송산3동,411504343540,오목로225번길
S0107603,중식,4115010600,경기도,의정부시,민락동,\N,4115057800,송산3동,411504343540,오목로225번길
S0107604,중식,4115010600,경기도,의정부시,민락동,\N,4115057800,송산3동,411504343540,오목로225번길
S0107605,중식,4115010600,경기도,의정부시,민락동,\N,4115057800,송산3동,411504343540,오목로225번길
S0107606,중식,4115010600,경기도,의정부시,민락동,\N,4115057800,송산3동,411504343540,오목로225번길
S0107607,중식,4115010600,경기도,의정부시,민락동,\N,4115057800,송산3동,411504343540,오목로225번길
S0107608,중식,4115010600,경기도,의정부시,민락동,\N,4115057800,송산3동,411504343540,오목로225번길
S0107609,중식,4115010600,경기도,의정부시,민락동,\N,4115057800,송산3동,411504343540,오목로225번길
S0107610,카페/디저트,4127110100,경기도,안산시 상록구,일동,\N,4127151000,일동,412713190101,안산대학로
S0107611,카페/디저트,4115010600,경기도,의정부시,민락동,\N,4115057800,송산3동,411504343540,오목로225번길
S0107613,한식,4115010100,경기도,의정부시,의정부동,\N,4115052000,의정부2동,411504343314,의정로46번길
S0107614,한식,4115010100,경기도,의정부시,의정부동,\N,4115052000,의정부2동,411504343314,의정로46번길
S0107615,한식,4115010100,경기도,의정부시,의정부동,\N,4115052000,의정부2동,411504343314,의정로46번길
S0107621,돈까스/일식,4119011000,경기도,부천시,소사본동,\N,4119075000,소사본동,411903185023,호현로
S0107623,카페/디저트,4617025023,전라남도,나주시,남평읍,동사리,4617025000,남평읍,461704685312,강변2길
S0107624,패스트푸드,4115011100,경기도,의정부시,녹양동,\N,4115062000,녹양동,411503181048,체육로
S0107625,패스트푸드,4115011100,경기도,의정부시,녹양동,\N,4115062000,녹양동,411503181048,체육로
S0107629,돈까스/일식,4119011300,경기도,부천시,괴안동,\N,4119079500,범안동,411904355053,경인로484번길
S0107634,카페/디저트,4163025023,경기도,양주시,백석읍,복지리,4163025000,백석읍,416303212033,양주산성로
S0107635,돈까스/일식,4413111600,충청남도,천안시 동남구,신방동,\N,4413157000,신방동,441314547407,수곡1길
S0107637,한식,4139013000,경기도,시흥시,장곡동,\N,4139063100,장곡동,413904397522,장곡로37번길
S0107638,돈까스/일식,4421010900,충청남도,서산시,예천동,\N,4421055000,석남동,442103254206,호수공원7로
S0107639,돈까스/일식,4817013100,경상남도,진주시,가좌동,\N,4817074000,가호동,481704796005,가좌길
S0107640,돈까스/일식,4723010500,경상북도,영천시,문외동,\N,4723052000,중앙동,472303307052,충효로
S0107641,족발/보쌈,4127110400,경기도,안산시 상록구,본오동,\N,4127155000,본오2동,412713190036,샘골로
S0107642,돈까스/일식,1154510100,서울특별시,금천구,가산동,\N,1154551000,가산동,115453116013,벚꽃로
S0107643,야식,4617025023,전라남도,나주시,남평읍,동사리,4617025000,남평읍,461704685312,강변2길
S0107644,카페/디저트,4115010600,경기도,의정부시,민락동,\N,4115057800,송산3동,411504343540,오목로225번길
S0107646,패스트푸드,4115010400,경기도,의정부시,신곡동,\N,4115056700,신곡1동,411503000001,동일로
S0107648,패스트푸드,4115010100,경기도,의정부시,의정부동,\N,4115051000,의정부1동,411503215066,평화로
S0107649,패스트푸드,4115010200,경기도,의정부시,호원동,\N,4115055500,호원2동,411503215066,평화로
S0107655,회,4117310400,경기도,안양시 동안구,호계동,\N,4117361000,범계동,411734349201,평촌대로223번길
S0107656,회,4117310400,경기도,안양시 동안구,호계동,\N,4117361000,범계동,411734349201,평촌대로223번길
S0107657,돈까스/일식,4715010800,경상북도,김천시,신음동,\N,4715057500,대신동,471503306048,시청로
S0107658,돈까스/일식,4715010800,경상북도,김천시,신음동,\N,4715057500,대신동,471503306048,시청로
S0107659,돈까스/일식,4715010800,경상북도,김천시,신음동,\N,4715057500,대신동,471503306048,시청로
S0107660,돈까스/일식,4715010800,경상북도,김천시,신음동,\N,4715057500,대신동,471503306048,시청로
S0107661,돈까스/일식,1154510300,서울특별시,금천구,시흥동,\N,1154567000,시흥1동,115454151073,독산로25길
S0107662,중식,4122025321,경기도,평택시,안중읍,안중리,4122025300,안중읍,412203188011,덕우로
S0107663,돈까스/일식,4125010300,경기도,동두천시,생연동,\N,4125052000,생연2동,412503189002,거북마루로
S0107665,카페/디저트,4817013100,경상남도,진주시,가좌동,\N,4817074000,가호동,481704797340,진주대로568번길
S0107666,카페/디저트,4115010600,경기도,의정부시,민락동,\N,4115057800,송산3동,411504343540,오목로225번길
S0107667,카페/디저트,4115010600,경기도,의정부시,민락동,\N,4115057800,송산3동,411504343540,오목로225번길
S0107668,카페/디저트,4115010600,경기도,의정부시,민락동,\N,4115057800,송산3동,411504343540,오목로225번길
S0107670,돈까스/일식,4125010300,경기도,동두천시,생연동,\N,4125052000,생연2동,412503189012,생연로
S0107671,찜탕,4413125033,충청남도,천안시 동남구,목천읍,신계리,4413125000,목천읍,441314547699,천정1길
S0107676,치킨,4715011400,경상북도,김천시,부곡동,\N,4715059500,대곡동,\N,\N
S0107677,치킨,4715011400,경상북도,김천시,부곡동,\N,4715059500,대곡동,\N,\N
S0107678,치킨,4715011400,경상북도,김천시,부곡동,\N,4715059500,대곡동,\N,\N
S0107680,중식,4115010500,경기도,의정부시,용현동,\N,4115057300,송산1동,411503181050,충의로
S0107681,중식,4115010500,경기도,의정부시,용현동,\N,4115057300,송산1동,411503181050,충의로
S0107682,치킨,4421010100,충청남도,서산시,읍내동,\N,4421051000,부춘동,442103254105,안견로
S0107684,피자,4115010100,경기도,의정부시,의정부동,\N,4115051000,의정부1동,411503181062,태평로
S0107685,돈까스/일식,4139010200,경기도,시흥시,신천동,\N,4139052000,신천동,413904397372,수인로3335번길
S0107688,카페/디저트,4115010600,경기도,의정부시,민락동,\N,4115057600,송산2동,411504343194,승지로4번길
S0107689,카페/디저트,4115010600,경기도,의정부시,민락동,\N,4115057600,송산2동,411504343194,승지로4번길
S0107690,카페/디저트,4115010600,경기도,의정부시,민락동,\N,4115057600,송산2동,411504343538,용민로182번길
S0107692,카페/디저트,4115010600,경기도,의정부시,민락동,\N,4115057800,송산3동,411504343540,오목로225번길
S0107695,카페/디저트,4115010600,경기도,의정부시,민락동,\N,4115057800,송산3동,411504343540,오목로225번길
S0107697,야식,4128110600,경기도,고양시 덕양구,성사동,\N,4128154000,성사1동,412812192001,고양대로
S0107698,돈까스/일식,4715011400,경상북도,김천시,부곡동,\N,4715059500,대곡동,471503306020,시민로
S0107699,돈까스/일식,4119010700,경기도,부천시,역곡동,\N,4119060600,부천동,411903184012,역곡로
S0107703,돈까스/일식,4117110100,경기도,안양시 만안구,안양동,\N,4117152000,안양2동,411714346200,안양로324번길
S0107704,돈까스/일식,4117110100,경기도,안양시 만안구,안양동,\N,4117152000,안양2동,411714346200,안양로324번길
S0107707,회,4715011400,경상북도,김천시,부곡동,\N,4715059500,대곡동,471504718423,부곡맛고을1길
S0107712,돈까스/일식,4715010800,경상북도,김천시,신음동,\N,4715057500,대신동,471504718551,시청2길
S0107713,돈까스/일식,4119011300,경기도,부천시,괴안동,\N,4119079500,범안동,411903000027,범안로
S0107714,돈까스/일식,4119011300,경기도,부천시,괴안동,\N,4119079500,범안동,411903000027,범안로
S0107715,패스트푸드,4115010400,경기도,의정부시,신곡동,\N,4115056700,신곡1동,411503000001,동일로
S0107717,돈까스/일식,2823710100,인천광역시,부평구,부평동,\N,2823751000,부평1동,282374262024,경원대로1347번길
S0107718,돈까스/일식,2823710100,인천광역시,부평구,부평동,\N,2823751000,부평1동,282374262024,경원대로1347번길
S0107723,카페/디저트,4817010400,경상남도,진주시,칠암동,\N,4817051500,천전동,481704797354,진주대로920번길
S0107726,야식,4817012000,경상남도,진주시,하대동,\N,4817067800,하대동,481703332016,도동로
S0107727,한식,4817010400,경상남도,진주시,칠암동,\N,4817051500,천전동,481703332077,동진로
S0107729,회,4817011700,경상남도,진주시,장대동,\N,4817056500,중앙동,481704797247,진양호로570번길
S0107730,한식,4817011900,경상남도,진주시,상대동,\N,4817067300,상대동,481704796317,대신로291번길
S0107731,회,4817011700,경상남도,진주시,장대동,\N,4817056500,중앙동,481704797509,촉석로212번길
S0107732,도시락,4115010900,경기도,의정부시,금오동,\N,4115058000,자금동,411504343164,부용로95번길
S0107735,야식,4122037025,경기도,평택시,현덕면,인광리,4122037000,현덕면,412203350992,송담1로
S0107736,야식,4122037025,경기도,평택시,현덕면,인광리,4122037000,현덕면,412203350992,송담1로
S0107737,카페/디저트,4115010500,경기도,의정부시,용현동,\N,4115057300,송산1동,411503181033,오목로
S0107738,카페/디저트,4115010500,경기도,의정부시,용현동,\N,4115057300,송산1동,411503181033,오목로
S0107739,돈까스/일식,4715010800,경상북도,김천시,신음동,\N,4715057500,대신동,471504718421,부거리길
S0107740,족발/보쌈,4115010400,경기도,의정부시,신곡동,\N,4115056800,신곡2동,411504343353,추동로5번길
S0107741,한식,4127110400,경기도,안산시 상록구,본오동,\N,4127155000,본오2동,412713190003,각골로
S0107743,치킨,4121010300,경기도,광명시,하안동,\N,4121063100,하안1동,412104361207,안재로6번길
S0107745,카페/디저트,4115010600,경기도,의정부시,민락동,\N,4115057800,송산3동,411503181033,오목로
S0107746,카페/디저트,1154510300,서울특별시,금천구,시흥동,\N,1154567000,시흥1동,115452005010,시흥대로
S0107749,야식,4715010500,경상북도,김천시,평화동,\N,4715053600,평화남산동,471504718889,평화장미길
S0107750,야식,4715010500,경상북도,김천시,평화동,\N,4715053600,평화남산동,471504718889,평화장미길
S0107751,야식,4715010500,경상북도,김천시,평화동,\N,4715053600,평화남산동,471504718889,평화장미길
S0107752,야식,4715010500,경상북도,김천시,평화동,\N,4715053600,평화남산동,471504718889,평화장미길
S0107753,야식,4715010500,경상북도,김천시,평화동,\N,4715053600,평화남산동,471504718889,평화장미길
S0107754,야식,4715010500,경상북도,김천시,평화동,\N,4715053600,평화남산동,471504718889,평화장미길
S0107755,야식,4715010500,경상북도,김천시,평화동,\N,4715053600,평화남산동,471504718889,평화장미길
S0107757,돈까스/일식,4115010100,경기도,의정부시,의정부동,\N,4115052000,의정부2동,411504343254,신흥로239번길
S0107758,야식,4115010200,경기도,의정부시,호원동,\N,4115055500,호원2동,411503181053,호동로
S0107761,치킨,4115010400,경기도,의정부시,신곡동,\N,4115056700,신곡1동,411504343093,동일로454번길
S0107762,분식,2635010500,부산광역시,해운대구,우동,\N,2635052000,우2동,263503133017,센텀7로
S0107775,치킨,2644010400,부산광역시,강서구,명지동,\N,2644053500,명지1동,264403350859,명지국제6로
S0107778,카페/디저트,4115010600,경기도,의정부시,민락동,\N,4115057800,송산3동,411503181035,용민로
S0107779,야식,4115010500,경기도,의정부시,용현동,\N,4115057300,송산1동,411504343275,오목로14번길
S0107780,돈까스/일식,2823710700,인천광역시,부평구,부개동,\N,2823766000,부개2동,282373154027,부평문화로
S0107782,한식,4617010200,전라남도,나주시,송월동,\N,4617051000,송월동,461704652092,내동길
S0107785,한식,4139012300,경기도,시흥시,산현동,\N,4139057000,목감동,413904853497,산현마을길
S0107786,피자,4115010200,경기도,의정부시,호원동,\N,4115055500,호원2동,411503181053,호동로
S0107787,피자,4115010200,경기도,의정부시,호원동,\N,4115055500,호원2동,411503181053,호동로
S0107788,패스트푸드,4115010400,경기도,의정부시,신곡동,\N,4115056700,신곡1동,411503000001,동일로
S0107789,패스트푸드,4115010400,경기도,의정부시,신곡동,\N,4115056700,신곡1동,411503000001,동일로
S0107790,패스트푸드,4115010400,경기도,의정부시,신곡동,\N,4115056700,신곡1동,411503000001,동일로
S0107791,패스트푸드,4115010400,경기도,의정부시,신곡동,\N,4115056700,신곡1동,411503000001,동일로
S0107792,패스트푸드,4115010400,경기도,의정부시,신곡동,\N,4115056700,신곡1동,411503000001,동일로
S0107793,패스트푸드,4115010400,경기도,의정부시,신곡동,\N,4115056700,신곡1동,411503000001,동일로
S0107794,카페/디저트,4115010600,경기도,의정부시,민락동,\N,4115057800,송산3동,411503181033,오목로
S0107795,카페/디저트,4115010600,경기도,의정부시,민락동,\N,4115057800,송산3동,411503181033,오목로
S0107796,카페/디저트,4115010600,경기도,의정부시,민락동,\N,4115057800,송산3동,411503181033,오목로
S0107797,한식,4115010900,경기도,의정부시,금오동,\N,4115058000,자금동,411504343342,청사로47번길
S0107799,피자,4115010200,경기도,의정부시,호원동,\N,4115055500,호원2동,411503181053,호동로
S0107800,카페/디저트,4139012400,경기도,시흥시,조남동,\N,4139057000,목감동,413903350920,목감둘레로
S0107801,돈까스/일식,4127110400,경기도,안산시 상록구,본오동,\N,4127154000,본오1동,412713190040,석호로
S0107802,카페/디저트,4163011000,경기도,양주시,덕정동,\N,4163053000,회천1동,416303212010,독바위로
S0107803,한식,4115010200,경기도,의정부시,호원동,\N,4115055500,호원2동,411504343489,회룡로137번길
S0107804,한식,4115010200,경기도,의정부시,호원동,\N,4115055500,호원2동,411504343489,회룡로137번길
S0107805,한식,4115010200,경기도,의정부시,호원동,\N,4115055500,호원2동,411504343489,회룡로137번길
S0107806,한식,4115010200,경기도,의정부시,호원동,\N,4115055500,호원2동,411504343489,회룡로137번길
S0107807,한식,4115010200,경기도,의정부시,호원동,\N,4115055500,호원2동,411504343489,회룡로137번길
S0107808,야식,4157010900,경기도,김포시,구래동,\N,4157057000,구래동,415704838104,김포한강9로76번길
S0107812,카페/디저트,4115010600,경기도,의정부시,민락동,\N,4115057600,송산2동,411503181035,용민로
S0107813,배달전문업체,4128112300,경기도,고양시 덕양구,화정동,\N,4128162100,화정1동,412814376369,화중로130번길
S0107815,야식,4122025330,경기도,평택시,안중읍,현화리,4122025300,안중읍,412204364465,안현로서3길
S0107816,분식,4115010400,경기도,의정부시,신곡동,\N,4115056800,신곡2동,411503181049,추동로
S0107818,돈까스/일식,4715011400,경상북도,김천시,부곡동,\N,4715059500,대곡동,471503306005,김천로
S0107825,한식,4817011900,경상남도,진주시,상대동,\N,4817067300,상대동,481704796416,돗골로153번길
S0107826,분식,4163011600,경기도,양주시,덕계동,\N,4163054000,회천2동,\N,\N
S0107828,카페/디저트,4115010600,경기도,의정부시,민락동,\N,4115057600,송산2동,411504343293,용현로150번길
S0107829,카페/디저트,4115010600,경기도,의정부시,민락동,\N,4115057600,송산2동,411504343293,용현로150번길
S0107830,카페/디저트,4115010600,경기도,의정부시,민락동,\N,4115057600,송산2동,411504343293,용현로150번길
S0107831,찜탕,2644011700,부산광역시,강서구,신호동,\N,2644056000,녹산동,264404208456,신호산단4로64번길
S0107832,돈까스/일식,4139010200,경기도,시흥시,신천동,\N,4139052000,신천동,413904397629,포도원로116번길
S0107833,한식,4115010100,경기도,의정부시,의정부동,\N,4115051000,의정부1동,411504343460,호국로1309번길
S0107834,한식,4115010100,경기도,의정부시,의정부동,\N,4115051000,의정부1동,411504343460,호국로1309번길
S0107835,한식,4115010100,경기도,의정부시,의정부동,\N,4115051000,의정부1동,411504343460,호국로1309번길
S0107836,한식,4115010100,경기도,의정부시,의정부동,\N,4115051000,의정부1동,411504343460,호국로1309번길
S0107837,한식,4115010100,경기도,의정부시,의정부동,\N,4115051000,의정부1동,411504343460,호국로1309번길
S0107838,카페/디저트,4115010600,경기도,의정부시,민락동,\N,4115057600,송산2동,411503181036,용현로
S0107844,돈까스/일식,4125010300,경기도,동두천시,생연동,\N,4125056500,불현동,412504367202,평화로2349번길
S0107845,돈까스/일식,1162010100,서울특별시,관악구,봉천동,\N,1162058500,낙성대동,116203005083,봉천로
S0107852,찜탕,4150010100,경기도,이천시,창전동,\N,4150051000,창전동,415003207024,서희로
S0107854,카페/디저트,4421010200,충청남도,서산시,동문동,\N,4421052500,동문1동,442104562158,대사동4길
S0107862,한식,4115010100,경기도,의정부시,의정부동,\N,4115051000,의정부1동,411504343463,호국로1331번길
S0107863,한식,4115010100,경기도,의정부시,의정부동,\N,4115051000,의정부1동,411504343463,호국로1331번길
S0107864,돈까스/일식,4125010200,경기도,동두천시,지행동,\N,4125056500,불현동,412503215066,평화로
S0107873,찜탕,4122025330,경기도,평택시,안중읍,현화리,4122025300,안중읍,412204364471,안현로서9길
S0107874,찜탕,4122025330,경기도,평택시,안중읍,현화리,4122025300,안중읍,412204364471,안현로서9길
S0107875,분식,4127110400,경기도,안산시 상록구,본오동,\N,4127155000,본오2동,412713190036,샘골로
S0107876,분식,4115010600,경기도,의정부시,민락동,\N,4115057800,송산3동,411503181046,천보로
S0107882,카페/디저트,4115010100,경기도,의정부시,의정부동,\N,4115052000,의정부2동,411503181060,시민로
S0107883,분식,4115011100,경기도,의정부시,녹양동,\N,4115062000,녹양동,411504343169,비우로92번길
S0107885,한식,4817012000,경상남도,진주시,하대동,\N,4817067800,하대동,481703332075,대신로
S0107886,한식,4115010600,경기도,의정부시,민락동,\N,4115057800,송산3동,411504343540,오목로225번길
S0107887,한식,4773025021,경상북도,의성군,의성읍,후죽리,4773025000,의성읍,477304745174,문소3길
S0107888,한식,4773025021,경상북도,의성군,의성읍,후죽리,4773025000,의성읍,477304745174,문소3길
S0107889,한식,4773025021,경상북도,의성군,의성읍,후죽리,4773025000,의성읍,477304745174,문소3길
S0107890,중식,4773025022,경상북도,의성군,의성읍,중리리,4773025000,의성읍,477304745140,동서1길
S0107891,한식,4773025021,경상북도,의성군,의성읍,후죽리,4773025000,의성읍,477304745140,동서1길
S0107892,한식,4773025021,경상북도,의성군,의성읍,후죽리,4773025000,의성읍,477304745475,중앙길
S0107893,한식,4773025021,경상북도,의성군,의성읍,후죽리,4773025000,의성읍,477304745174,문소3길
S0107894,돈까스/일식,4773025022,경상북도,의성군,의성읍,중리리,4773025000,의성읍,477304745053,군청길
S0107895,한식,4773025021,경상북도,의성군,의성읍,후죽리,4773025000,의성읍,477304745174,문소3길
S0107896,한식,4773025021,경상북도,의성군,의성읍,후죽리,4773025000,의성읍,\N,\N
S0107897,한식,4773025021,경상북도,의성군,의성읍,후죽리,4773025000,의성읍,477304745475,중앙길
S0107898,한식,4773025021,경상북도,의성군,의성읍,후죽리,4773025000,의성읍,477304745174,문소3길
S0107899,한식,4773025021,경상북도,의성군,의성읍,후죽리,4773025000,의성읍,477304745174,문소3길
S0107900,한식,4773025021,경상북도,의성군,의성읍,후죽리,4773025000,의성읍,477304745140,동서1길
S0107901,패스트푸드,4773025022,경상북도,의성군,의성읍,중리리,4773025000,의성읍,477304745053,군청길
S0107902,한식,4773025021,경상북도,의성군,의성읍,후죽리,4773025000,의성읍,477304745174,문소3길
S0107903,돈까스/일식,4715011400,경상북도,김천시,부곡동,\N,4715059500,대곡동,471504718988,후생길
S0107904,한식,4773025021,경상북도,의성군,의성읍,후죽리,4773025000,의성읍,477304745174,문소3길
S0107905,한식,4773025021,경상북도,의성군,의성읍,후죽리,4773025000,의성읍,477304745174,문소3길
S0107906,한식,4773025021,경상북도,의성군,의성읍,후죽리,4773025000,의성읍,477304745174,문소3길
S0107907,한식,4773025021,경상북도,의성군,의성읍,후죽리,4773025000,의성읍,477304745174,문소3길
S0107909,한식,4773025021,경상북도,의성군,의성읍,후죽리,4773025000,의성읍,477304745475,중앙길
S0107910,한식,4773025021,경상북도,의성군,의성읍,후죽리,4773025000,의성읍,477304745174,문소3길
S0107911,한식,4773025021,경상북도,의성군,의성읍,후죽리,4773025000,의성읍,477304745140,동서1길
S0107912,한식,4773025021,경상북도,의성군,의성읍,후죽리,4773025000,의성읍,477304745174,문소3길
S0107913,찜탕,4773025023,경상북도,의성군,의성읍,상리리,4773025000,의성읍,477303018069,의성사곡로
S0107914,한식,4773025021,경상북도,의성군,의성읍,후죽리,4773025000,의성읍,477304745345,염매시장길
S0107915,중식,4773025023,경상북도,의성군,의성읍,상리리,4773025000,의성읍,477304745140,동서1길
S0107916,한식,4773025021,경상북도,의성군,의성읍,후죽리,4773025000,의성읍,477304745174,문소3길
S0107918,한식,4773025021,경상북도,의성군,의성읍,후죽리,4773025000,의성읍,477304745174,문소3길
S0107919,돈까스/일식,4125010300,경기도,동두천시,생연동,\N,4125056500,불현동,412503189027,큰시장로
S0107920,한식,4773025021,경상북도,의성군,의성읍,후죽리,4773025000,의성읍,477304745174,문소3길
S0107921,한식,4773025021,경상북도,의성군,의성읍,후죽리,4773025000,의성읍,477304745559,후죽2길
S0107922,한식,4773025021,경상북도,의성군,의성읍,후죽리,4773025000,의성읍,477304745174,문소3길
S0107923,중식,4773025024,경상북도,의성군,의성읍,도동리,4773025000,의성읍,477304745455,전통시장3길
S0107924,한식,4773025021,경상북도,의성군,의성읍,후죽리,4773025000,의성읍,477304745174,문소3길
S0107925,한식,4773025021,경상북도,의성군,의성읍,후죽리,4773025000,의성읍,477304745475,중앙길
S0107926,한식,4773025021,경상북도,의성군,의성읍,후죽리,4773025000,의성읍,477304745174,문소3길
S0107927,중식,4773025024,경상북도,의성군,의성읍,도동리,4773025000,의성읍,477304745455,전통시장3길
S0107928,치킨,4773025022,경상북도,의성군,의성읍,중리리,4773025000,의성읍,477304745053,군청길
S0107929,한식,4773025021,경상북도,의성군,의성읍,후죽리,4773025000,의성읍,477304745174,문소3길
S0107930,한식,4773025021,경상북도,의성군,의성읍,후죽리,4773025000,의성읍,477304745174,문소3길
S0107931,한식,4773025021,경상북도,의성군,의성읍,후죽리,4773025000,의성읍,477304745174,문소3길
S0107932,돈까스/일식,4715011400,경상북도,김천시,부곡동,\N,4715059500,대곡동,471504718988,후생길
S0107933,한식,4773025021,경상북도,의성군,의성읍,후죽리,4773025000,의성읍,477304745174,문소3길
S0107934,한식,4773025021,경상북도,의성군,의성읍,후죽리,4773025000,의성읍,477304745475,중앙길
S0107935,중식,4773025022,경상북도,의성군,의성읍,중리리,4773025000,의성읍,477304745140,동서1길
S0107936,중식,4127110400,경기도,안산시 상록구,본오동,\N,4127155000,본오2동,412713190003,각골로
S0107938,치킨,4161025027,경기도,광주시,오포읍,양벌리,4161025000,오포읍,416104433342,양촌안길
S0107940,돈까스/일식,4723010500,경상북도,영천시,문외동,\N,4723052000,중앙동,472303018037,호국로
S0107941,돈까스/일식,4723010500,경상북도,영천시,문외동,\N,4723052000,중앙동,472303018037,호국로
S0107942,돈까스/일식,4723010500,경상북도,영천시,문외동,\N,4723052000,중앙동,472303018037,호국로
S0107943,돈까스/일식,4723010500,경상북도,영천시,문외동,\N,4723052000,중앙동,472303018037,호국로
S0107944,돈까스/일식,4723010500,경상북도,영천시,문외동,\N,4723052000,중앙동,472303018037,호국로
S0107945,돈까스/일식,4723010500,경상북도,영천시,문외동,\N,4723052000,중앙동,472303018037,호국로
S0107946,돈까스/일식,4723010500,경상북도,영천시,문외동,\N,4723052000,중앙동,472303018037,호국로
S0107947,돈까스/일식,4723010500,경상북도,영천시,문외동,\N,4723052000,중앙동,472303018037,호국로
S0107948,돈까스/일식,4723010500,경상북도,영천시,문외동,\N,4723052000,중앙동,472303018037,호국로
S0107949,돈까스/일식,4723010500,경상북도,영천시,문외동,\N,4723052000,중앙동,472303018037,호국로
S0107950,돈까스/일식,4723010500,경상북도,영천시,문외동,\N,4723052000,중앙동,472303018037,호국로
S0107951,돈까스/일식,4723010500,경상북도,영천시,문외동,\N,4723052000,중앙동,472303018037,호국로
S0107952,돈까스/일식,4723010500,경상북도,영천시,문외동,\N,4723052000,중앙동,472303018037,호국로
S0107953,돈까스/일식,4723010500,경상북도,영천시,문외동,\N,4723052000,중앙동,472303018037,호국로
S0107954,돈까스/일식,4723010500,경상북도,영천시,문외동,\N,4723052000,중앙동,472303018037,호국로
S0107955,돈까스/일식,4723010500,경상북도,영천시,문외동,\N,4723052000,중앙동,472303018037,호국로
S0107956,돈까스/일식,4723010500,경상북도,영천시,문외동,\N,4723052000,중앙동,472303018037,호국로
S0107957,돈까스/일식,4723010500,경상북도,영천시,문외동,\N,4723052000,중앙동,472303018037,호국로
S0107958,돈까스/일식,4723010500,경상북도,영천시,문외동,\N,4723052000,중앙동,472303018037,호국로
S0107959,돈까스/일식,4723010500,경상북도,영천시,문외동,\N,4723052000,중앙동,472303018037,호국로
S0107960,돈까스/일식,4723010500,경상북도,영천시,문외동,\N,4723052000,중앙동,472303018037,호국로
S0107961,돈까스/일식,4723010500,경상북도,영천시,문외동,\N,4723052000,중앙동,472303018037,호국로
S0107962,돈까스/일식,4723010500,경상북도,영천시,문외동,\N,4723052000,중앙동,472303018037,호국로
S0107963,돈까스/일식,4723010500,경상북도,영천시,문외동,\N,4723052000,중앙동,472303018037,호국로
S0107964,돈까스/일식,4723010500,경상북도,영천시,문외동,\N,4723052000,중앙동,472303018037,호국로
S0107965,돈까스/일식,4723010500,경상북도,영천시,문외동,\N,4723052000,중앙동,472303018037,호국로
S0107966,돈까스/일식,4723010500,경상북도,영천시,문외동,\N,4723052000,중앙동,472303018037,호국로
S0107967,돈까스/일식,4723010500,경상북도,영천시,문외동,\N,4723052000,중앙동,472303018037,호국로
S0107968,돈까스/일식,4723010500,경상북도,영천시,문외동,\N,4723052000,중앙동,472303018037,호국로
S0107969,돈까스/일식,4723010500,경상북도,영천시,문외동,\N,4723052000,중앙동,472303018037,호국로
S0107970,돈까스/일식,4723010500,경상북도,영천시,문외동,\N,4723052000,중앙동,472303018037,호국로
S0107971,돈까스/일식,4723010500,경상북도,영천시,문외동,\N,4723052000,중앙동,472303018037,호국로
S0107972,돈까스/일식,4723010500,경상북도,영천시,문외동,\N,4723052000,중앙동,472303018037,호국로
S0107973,돈까스/일식,4723010500,경상북도,영천시,문외동,\N,4723052000,중앙동,472303018037,호국로
S0107974,돈까스/일식,4723010500,경상북도,영천시,문외동,\N,4723052000,중앙동,472303018037,호국로
S0107975,돈까스/일식,4723010500,경상북도,영천시,문외동,\N,4723052000,중앙동,472303018037,호국로
S0107976,돈까스/일식,4723010500,경상북도,영천시,문외동,\N,4723052000,중앙동,472303018037,호국로
S0107977,돈까스/일식,4723010500,경상북도,영천시,문외동,\N,4723052000,중앙동,472303018037,호국로
S0107978,돈까스/일식,4723010500,경상북도,영천시,문외동,\N,4723052000,중앙동,472303018037,호국로
S0107979,돈까스/일식,4723010500,경상북도,영천시,문외동,\N,4723052000,중앙동,472303018037,호국로
S0107980,돈까스/일식,4723010500,경상북도,영천시,문외동,\N,4723052000,중앙동,472303018037,호국로
S0107981,돈까스/일식,4723010500,경상북도,영천시,문외동,\N,4723052000,중앙동,472303018037,호국로
S0107982,돈까스/일식,4723010500,경상북도,영천시,문외동,\N,4723052000,중앙동,472303018037,호국로
S0107983,돈까스/일식,4723010500,경상북도,영천시,문외동,\N,4723052000,중앙동,472303018037,호국로
S0107984,돈까스/일식,4723010500,경상북도,영천시,문외동,\N,4723052000,중앙동,472303018037,호국로
S0107985,돈까스/일식,4723010500,경상북도,영천시,문외동,\N,4723052000,중앙동,472303018037,호국로
S0107986,돈까스/일식,4723010500,경상북도,영천시,문외동,\N,4723052000,중앙동,472303018037,호국로
S0107987,돈까스/일식,4723010500,경상북도,영천시,문외동,\N,4723052000,중앙동,472303018037,호국로
S0107988,돈까스/일식,4723010500,경상북도,영천시,문외동,\N,4723052000,중앙동,472303018037,호국로
S0107989,돈까스/일식,4723010500,경상북도,영천시,문외동,\N,4723052000,중앙동,472303018037,호국로
S0107990,돈까스/일식,4723010500,경상북도,영천시,문외동,\N,4723052000,중앙동,472303018037,호국로
S0107991,돈까스/일식,4723010500,경상북도,영천시,문외동,\N,4723052000,중앙동,472303018037,호국로
S0107992,돈까스/일식,4723010500,경상북도,영천시,문외동,\N,4723052000,중앙동,472303018037,호국로
S0107993,돈까스/일식,4723010500,경상북도,영천시,문외동,\N,4723052000,중앙동,472303018037,호국로
S0107994,돈까스/일식,4723010500,경상북도,영천시,문외동,\N,4723052000,중앙동,472303018037,호국로
S0107995,돈까스/일식,4723010500,경상북도,영천시,문외동,\N,4723052000,중앙동,472303018037,호국로
S0107996,돈까스/일식,4723010500,경상북도,영천시,문외동,\N,4723052000,중앙동,472303018037,호국로
S0107997,돈까스/일식,4723010500,경상북도,영천시,문외동,\N,4723052000,중앙동,472303018037,호국로
S0107998,돈까스/일식,4723010500,경상북도,영천시,문외동,\N,4723052000,중앙동,472303018037,호국로
S0107999,돈까스/일식,4723010500,경상북도,영천시,문외동,\N,4723052000,중앙동,472303018037,호국로
S0108000,돈까스/일식,4723010500,경상북도,영천시,문외동,\N,4723052000,중앙동,472303018037,호국로
S0108001,돈까스/일식,4723010500,경상북도,영천시,문외동,\N,4723052000,중앙동,472303018037,호국로
S0108002,돈까스/일식,4723010500,경상북도,영천시,문외동,\N,4723052000,중앙동,472303018037,호국로
S0108003,돈까스/일식,4723010500,경상북도,영천시,문외동,\N,4723052000,중앙동,472303018037,호국로
S0108004,돈까스/일식,4723010500,경상북도,영천시,문외동,\N,4723052000,중앙동,472303018037,호국로
S0108005,돈까스/일식,4723010500,경상북도,영천시,문외동,\N,4723052000,중앙동,472303018037,호국로
S0108006,돈까스/일식,4723010500,경상북도,영천시,문외동,\N,4723052000,중앙동,472303018037,호국로
S0108007,돈까스/일식,4723010500,경상북도,영천시,문외동,\N,4723052000,중앙동,472303018037,호국로
S0108008,패스트푸드,4115010100,경기도,의정부시,의정부동,\N,4115052000,의정부2동,411503181060,시민로
S0108009,패스트푸드,4115010200,경기도,의정부시,호원동,\N,4115054500,호원1동,411503215066,평화로
S0108010,패스트푸드,4115010200,경기도,의정부시,호원동,\N,4115054500,호원1동,411503215066,평화로
S0108013,피자,4115010600,경기도,의정부시,민락동,\N,4115057600,송산2동,411504343537,송현로52번길
S0108014,돈까스/일식,4125010200,경기도,동두천시,지행동,\N,4125056600,송내동,412503189031,중앙로
S0108017,돈까스/일식,4125010200,경기도,동두천시,지행동,\N,4125056600,송내동,412503189005,동두천로
S0108020,카페/디저트,4148025021,경기도,파주시,문산읍,문산리,4148025000,문산읍,414804418249,문향로67번길
S0108021,카페/디저트,4115010600,경기도,의정부시,민락동,\N,4115057800,송산3동,411503181035,용민로
S0108022,카페/디저트,4115010600,경기도,의정부시,민락동,\N,4115057800,송산3동,411503181035,용민로
S0108023,카페/디저트,4115010600,경기도,의정부시,민락동,\N,4115057800,송산3동,411503181035,용민로
S0108025,분식,4115010100,경기도,의정부시,의정부동,\N,4115051000,의정부1동,411504343199,시민로132번길
S0108026,분식,4115010100,경기도,의정부시,의정부동,\N,4115051000,의정부1동,411504343199,시민로132번길
S0108027,분식,4115010100,경기도,의정부시,의정부동,\N,4115051000,의정부1동,411504343199,시민로132번길
S0108028,카페/디저트,4115010600,경기도,의정부시,민락동,\N,4115057600,송산2동,411503181035,용민로
S0108030,돈까스/일식,4125010200,경기도,동두천시,지행동,\N,4125056600,송내동,412503189031,중앙로
S0108031,카페/디저트,4215011000,강원도,강릉시,교동,\N,4215056000,교2동,\N,\N
S0108032,족발/보쌈,4115010600,경기도,의정부시,민락동,\N,4115057600,송산2동,411503181036,용현로
S0108034,치킨,4421010200,충청남도,서산시,동문동,\N,4421053500,동문2동,442103254127,율지3로
S0108037,한식,4127110400,경기도,안산시 상록구,본오동,\N,4127154000,본오1동,412713190028,본오로
S0108038,돈까스/일식,4723010500,경상북도,영천시,문외동,\N,4723052000,중앙동,472303307052,충효로
S0108039,한식,1153010200,서울특별시,구로구,구로동,\N,1153053000,구로2동,115304148014,가마산로22길
S0108040,피자,4715010500,경상북도,김천시,평화동,\N,4715053600,평화남산동,471503306005,김천로
S0108041,피자,4715010500,경상북도,김천시,평화동,\N,4715053600,평화남산동,471503306005,김천로
S0108042,돈까스/일식,2644010400,부산광역시,강서구,명지동,\N,2644053500,명지1동,264403350867,명지국제7로
S0108043,분식,4115010900,경기도,의정부시,금오동,\N,4115058000,자금동,411503000001,동일로
S0108044,분식,4115010900,경기도,의정부시,금오동,\N,4115058000,자금동,411503000001,동일로
S0108045,한식,4715010500,경상북도,김천시,평화동,\N,4715053600,평화남산동,471503306005,김천로
S0108046,한식,4715010500,경상북도,김천시,평화동,\N,4715053600,평화남산동,471503306005,김천로
S0108047,패스트푸드,4115011000,경기도,의정부시,가능동,\N,4115059500,가능동,411503181061,신촌로
S0108048,패스트푸드,4115011000,경기도,의정부시,가능동,\N,4115059500,가능동,411503181061,신촌로
S0108049,한식,4715010800,경상북도,김천시,신음동,\N,4715057500,대신동,471504718781,조각공원길
S0108054,치킨,4115010900,경기도,의정부시,금오동,\N,4115058000,자금동,411503181019,부용로
S0108055,치킨,4115010900,경기도,의정부시,금오동,\N,4115058000,자금동,411503181019,부용로
S0108056,치킨,4115010900,경기도,의정부시,금오동,\N,4115058000,자금동,411503181019,부용로
S0108057,치킨,4115010900,경기도,의정부시,금오동,\N,4115058000,자금동,411503181019,부용로
S0108058,돈까스/일식,4125010200,경기도,동두천시,지행동,\N,4125056600,송내동,412503189031,중앙로
S0108062,치킨,4125010300,경기도,동두천시,생연동,\N,4125052000,생연2동,412504367129,중앙로217번길
S0108066,중식,4125010300,경기도,동두천시,생연동,\N,4125056500,불현동,412504367202,평화로2349번길
S0108068,카페/디저트,4115010600,경기도,의정부시,민락동,\N,4115057600,송산2동,411503181056,효자로
S0108069,카페/디저트,4115010600,경기도,의정부시,민락동,\N,4115057800,송산3동,411503181035,용민로
S0108070,한식,4127110400,경기도,안산시 상록구,본오동,\N,4127156000,본오3동,412713190003,각골로
S0108078,야식,4115010100,경기도,의정부시,의정부동,\N,4115051000,의정부1동,411504343365,태평로137번길
S0108079,돈까스/일식,4119011000,경기도,부천시,소사본동,\N,4119075000,소사본동,411904355283,은성로68번길
S0108080,돈까스/일식,4413111600,충청남도,천안시 동남구,신방동,\N,4413157000,신방동,441313249032,신촌4로
S0108082,돈까스/일식,4119011000,경기도,부천시,소사본동,\N,4119075000,소사본동,411903185023,호현로
S0108083,치킨,3023010100,대전광역시,대덕구,오정동,\N,3023051000,오정동,302304304468,한남로12번길
S0108084,치킨,4115011300,경기도,의정부시,산곡동,\N,4115057300,송산1동,\N,\N
S0108085,카페/디저트,4139010600,경기도,시흥시,은행동,\N,4139054000,은행동,413904855370,은계번영길
S0108086,배달전문업체,4115010400,경기도,의정부시,신곡동,\N,4115056800,신곡2동,411503181019,부용로
S0108087,배달전문업체,4115010400,경기도,의정부시,신곡동,\N,4115056800,신곡2동,411503181019,부용로
S0108090,분식,4115010600,경기도,의정부시,민락동,\N,4115057600,송산2동,411503181036,용현로
S0108101,피자,4122025330,경기도,평택시,안중읍,현화리,4122025300,안중읍,412204364469,안현로서7길
S0108104,치킨,4115010500,경기도,의정부시,용현동,\N,4115057300,송산1동,411504343287,용민로7번길
S0108106,카페/디저트,4115010600,경기도,의정부시,민락동,\N,4115057800,송산3동,411503181035,용민로
S0108107,카페/디저트,4115010600,경기도,의정부시,민락동,\N,4115057800,송산3동,411503181035,용민로
S0108108,카페/디저트,4115010600,경기도,의정부시,민락동,\N,4115057800,송산3동,411503181035,용민로
S0108109,치킨,4115010200,경기도,의정부시,호원동,\N,4115054500,호원1동,411503215066,평화로
S0108110,카페/디저트,4163033021,경기도,양주시,광적면,가납리,4163033000,광적면,416304436238,삼일로29번길
S0108112,돈까스/일식,4125010200,경기도,동두천시,지행동,\N,4125056500,불현동,412504367201,평화로2313번길
S0108120,카페/디저트,4115010600,경기도,의정부시,민락동,\N,4115057600,송산2동,411504343191,승지로19번길
S0108121,카페/디저트,4115010600,경기도,의정부시,민락동,\N,4115057600,송산2동,411504343191,승지로19번길
S0108122,카페/디저트,4115010600,경기도,의정부시,민락동,\N,4115057600,송산2동,411504343191,승지로19번길
S0108125,카페/디저트,4115010600,경기도,의정부시,민락동,\N,4115057800,송산3동,411503181033,오목로
S0108126,돈까스/일식,2823710100,인천광역시,부평구,부평동,\N,2823755000,부평5동,282373154037,시장로
S0108127,돈까스/일식,2823710100,인천광역시,부평구,부평동,\N,2823755000,부평5동,282373154037,시장로
S0108136,분식,4115010500,경기도,의정부시,용현동,\N,4115057300,송산1동,411504343357,충의로57번길
S0108137,분식,4115010100,경기도,의정부시,의정부동,\N,4115052000,의정부2동,411503181060,시민로
S0108143,카페/디저트,2714010200,대구광역시,동구,신천동,\N,2714058000,신천4동,271404226069,동부로30길
S0108144,카페/디저트,4115010600,경기도,의정부시,민락동,\N,4115057800,송산3동,411503181035,용민로
S0108146,분식,4115011000,경기도,의정부시,가능동,\N,4115059500,가능동,411504343030,가능로97번길
S0108147,분식,4115011000,경기도,의정부시,가능동,\N,4115059500,가능동,411504343030,가능로97번길
S0108153,카페/디저트,4115010600,경기도,의정부시,민락동,\N,4115057600,송산2동,411504343538,용민로182번길
S0108154,카페/디저트,4115010600,경기도,의정부시,민락동,\N,4115057600,송산2동,411504343538,용민로182번길
S0108155,카페/디저트,4115010600,경기도,의정부시,민락동,\N,4115057600,송산2동,411504343538,용민로182번길
S0108156,카페/디저트,4115010600,경기도,의정부시,민락동,\N,4115057600,송산2동,411504343538,용민로182번길
S0108157,카페/디저트,4115010600,경기도,의정부시,민락동,\N,4115057600,송산2동,411504343538,용민로182번길
S0108158,카페/디저트,4115010600,경기도,의정부시,민락동,\N,4115057600,송산2동,411504343538,용민로182번길
S0108159,카페/디저트,4115010600,경기도,의정부시,민락동,\N,4115057600,송산2동,411503181033,오목로
S0108161,중식,4115010400,경기도,의정부시,신곡동,\N,4115056800,신곡2동,411503181019,부용로
S0108162,중식,4115010400,경기도,의정부시,신곡동,\N,4115056800,신곡2동,411503181019,부용로
S0108163,중식,4115010400,경기도,의정부시,신곡동,\N,4115056800,신곡2동,411503181019,부용로
S0108164,돈까스/일식,4723010300,경상북도,영천시,야사동,\N,4723051000,동부동,\N,\N
S0108165,돈까스/일식,4723010300,경상북도,영천시,야사동,\N,4723051000,동부동,\N,\N
S0108166,돈까스/일식,4723010300,경상북도,영천시,야사동,\N,4723051000,동부동,\N,\N
S0108167,돈까스/일식,4723010300,경상북도,영천시,야사동,\N,4723051000,동부동,\N,\N
S0108168,돈까스/일식,4723010300,경상북도,영천시,야사동,\N,4723051000,동부동,\N,\N
S0108169,돈까스/일식,4723010300,경상북도,영천시,야사동,\N,4723051000,동부동,\N,\N
S0108170,돈까스/일식,4723010300,경상북도,영천시,야사동,\N,4723051000,동부동,\N,\N
S0108171,돈까스/일식,4723010300,경상북도,영천시,야사동,\N,4723051000,동부동,\N,\N
S0108172,돈까스/일식,4723010300,경상북도,영천시,야사동,\N,4723051000,동부동,\N,\N
S0108173,돈까스/일식,4723010300,경상북도,영천시,야사동,\N,4723051000,동부동,\N,\N
S0108174,돈까스/일식,4723010300,경상북도,영천시,야사동,\N,4723051000,동부동,\N,\N
S0108176,야식,4623010600,전라남도,광양시,중동,\N,4623053000,중마동,462304655062,길호길
S0108177,피자,4161025027,경기도,광주시,오포읍,양벌리,4161025000,오포읍,416104433341,양촌길
S0108178,한식,4115010100,경기도,의정부시,의정부동,\N,4115052000,의정부2동,411504343117,둔야로45번길
S0108179,한식,4115010100,경기도,의정부시,의정부동,\N,4115052000,의정부2동,411504343117,둔야로45번길
S0108180,한식,4115010100,경기도,의정부시,의정부동,\N,4115052000,의정부2동,411504343117,둔야로45번길
S0108182,카페/디저트,4115010600,경기도,의정부시,민락동,\N,4115057800,송산3동,411503181033,오목로
S0108183,패스트푸드,4115010400,경기도,의정부시,신곡동,\N,4115056700,신곡1동,411503000001,동일로
S0108184,돈까스/일식,4125010300,경기도,동두천시,생연동,\N,4125053500,중앙동,412503189005,동두천로
S0108185,돈까스/일식,4119010800,경기도,부천시,중동,\N,4119061000,중동,411904352352,심중로35번길
S0108191,심부름,4421010700,충청남도,서산시,석림동,\N,4421054000,수석동,442103254037,동서1로
S0108193,한식,4115010100,경기도,의정부시,의정부동,\N,4115052000,의정부2동,411504343140,범골로107번길
S0108207,돈까스/일식,4315011100,충청북도,제천시,하소동,\N,4315056000,용두동,431504517625,용두대로15길
S0108208,분식,4115011000,경기도,의정부시,가능동,\N,4115061500,흥선동,411504343119,둔야로50번길
S0108212,카페/디저트,4127110400,경기도,안산시 상록구,본오동,\N,4127156000,본오3동,412713190058,용신로
S0108213,돈까스/일식,4723010300,경상북도,영천시,야사동,\N,4723051000,동부동,472303307052,충효로
S0108214,돈까스/일식,4723010300,경상북도,영천시,야사동,\N,4723051000,동부동,472303307052,충효로
S0108217,돈까스/일식,4119011300,경기도,부천시,괴안동,\N,4119079500,범안동,411903185010,안곡로
S0108230,돈까스/일식,4715010800,경상북도,김천시,신음동,\N,4715057500,대신동,471504718781,조각공원길
S0108231,치킨,4115010400,경기도,의정부시,신곡동,\N,4115056800,신곡2동,411503181049,추동로
S0108232,카페/디저트,4163033021,경기도,양주시,광적면,가납리,4163033000,광적면,416304436022,가래비길
S0108235,돈까스/일식,1154510100,서울특별시,금천구,가산동,\N,1154551000,가산동,115454151195,디지털로9길
S0108236,한식,5013010100,제주특별자치도,서귀포시,서귀동,\N,5013054000,천지동,501304850399,서문로29번길
S0108237,한식,5013010100,제주특별자치도,서귀포시,서귀동,\N,5013054000,천지동,501304850399,서문로29번길
S0108238,한식,5013010100,제주특별자치도,서귀포시,서귀동,\N,5013054000,천지동,501304850399,서문로29번길
S0108239,한식,5013010100,제주특별자치도,서귀포시,서귀동,\N,5013054000,천지동,501304850399,서문로29번길
S0108240,한식,5013010100,제주특별자치도,서귀포시,서귀동,\N,5013054000,천지동,501304850399,서문로29번길
S0108241,한식,5013010100,제주특별자치도,서귀포시,서귀동,\N,5013054000,천지동,501304850399,서문로29번길
S0108242,한식,5013010100,제주특별자치도,서귀포시,서귀동,\N,5013054000,천지동,501304850399,서문로29번길
S0108243,한식,5013010100,제주특별자치도,서귀포시,서귀동,\N,5013054000,천지동,501304850399,서문로29번길
S0108244,한식,5013010100,제주특별자치도,서귀포시,서귀동,\N,5013054000,천지동,501304850399,서문로29번길
S0108245,한식,5013010100,제주특별자치도,서귀포시,서귀동,\N,5013054000,천지동,501304850399,서문로29번길
S0108246,한식,5013010100,제주특별자치도,서귀포시,서귀동,\N,5013054000,천지동,501304850399,서문로29번길
S0108247,한식,5013010100,제주특별자치도,서귀포시,서귀동,\N,5013054000,천지동,501304850399,서문로29번길
S0108248,한식,5013010100,제주특별자치도,서귀포시,서귀동,\N,5013054000,천지동,501304850399,서문로29번길
S0108249,한식,5013010100,제주특별자치도,서귀포시,서귀동,\N,5013054000,천지동,501304850399,서문로29번길
S0108250,돈까스/일식,4115010600,경기도,의정부시,민락동,\N,4115057800,송산3동,411504343540,오목로225번길
S0108251,회,4715010800,경상북도,김천시,신음동,\N,4715057500,대신동,471504718781,조각공원길
S0108252,돈까스/일식,4125010100,경기도,동두천시,송내동,\N,4125056600,송내동,412504367142,중앙로33번길
S0108253,카페/디저트,4115010600,경기도,의정부시,민락동,\N,4115057600,송산2동,411504343295,용현로160번길
S0108254,치킨,2644010400,부산광역시,강서구,명지동,\N,2644053500,명지1동,264403350868,명지국제8로
S0108255,찜탕,4125010200,경기도,동두천시,지행동,\N,4125056500,불현동,412503215066,평화로
S0108271,찜탕,4122025321,경기도,평택시,안중읍,안중리,4122025300,안중읍,412202012006,서동대로
S0108272,한식,4115010100,경기도,의정부시,의정부동,\N,4115051000,의정부1동,411504343459,호국로1298번길
S0108273,한식,4115010100,경기도,의정부시,의정부동,\N,4115051000,의정부1동,411504343459,호국로1298번길
S0108276,돈까스/일식,2644010400,부산광역시,강서구,명지동,\N,2644053500,명지1동,264403350868,명지국제8로
S0108281,카페/디저트,4115010600,경기도,의정부시,민락동,\N,4115057600,송산2동,411503181036,용현로
S0108282,카페/디저트,4115010600,경기도,의정부시,민락동,\N,4115057800,송산3동,411504343540,오목로225번길
S0108283,카페/디저트,4115010600,경기도,의정부시,민락동,\N,4115057800,송산3동,411504343540,오목로225번길
S0108284,카페/디저트,4115010600,경기도,의정부시,민락동,\N,4115057800,송산3동,411504343540,오목로225번길
S0108285,카페/디저트,4115010600,경기도,의정부시,민락동,\N,4115057800,송산3동,411504343540,오목로225번길
S0108286,카페/디저트,4115010600,경기도,의정부시,민락동,\N,4115057800,송산3동,411504343540,오목로225번길
S0108287,돈까스/일식,1165010100,서울특별시,서초구,방배동,\N,1165059000,방배본동,116503121011,방배중앙로
S0108289,돈까스/일식,4125010300,경기도,동두천시,생연동,\N,4125053500,중앙동,412503189025,정장로
S0108290,돈까스/일식,4125010300,경기도,동두천시,생연동,\N,4125053500,중앙동,412503189025,정장로
S0108291,야식,4127110400,경기도,안산시 상록구,본오동,\N,4127154000,본오1동,412714370490,충장로3길
S0108292,피자,4115010500,경기도,의정부시,용현동,\N,4115057300,송산1동,411504343277,오목로18번길
S0108293,피자,4115010500,경기도,의정부시,용현동,\N,4115057300,송산1동,411504343277,오목로18번길
S0108294,피자,4115010500,경기도,의정부시,용현동,\N,4115057300,송산1동,411504343277,오목로18번길
S0108296,도시락,4817013100,경상남도,진주시,가좌동,\N,4817074000,가호동,481704796005,가좌길
S0108297,돈까스/일식,4125010200,경기도,동두천시,지행동,\N,4125056600,송내동,412503189031,중앙로
S0108298,돈까스/일식,4180025321,경기도,연천군,전곡읍,전곡리,4180025300,전곡읍,\N,\N
S0108299,카페/디저트,4180025321,경기도,연천군,전곡읍,전곡리,4180025300,전곡읍,\N,\N
S0108300,돈까스/일식,4180025321,경기도,연천군,전곡읍,전곡리,4180025300,전곡읍,\N,\N
S0108301,한식,4115010100,경기도,의정부시,의정부동,\N,4115051000,의정부1동,411504343463,호국로1331번길
S0108302,한식,4115010100,경기도,의정부시,의정부동,\N,4115051000,의정부1동,411504343463,호국로1331번길
S0108303,한식,4125010100,경기도,동두천시,송내동,\N,4125056600,송내동,412504367142,중앙로33번길
S0108305,돈까스/일식,4715010500,경상북도,김천시,평화동,\N,4715053600,평화남산동,471504718872,평화5길
S0108306,치킨,4115010900,경기도,의정부시,금오동,\N,4115058000,자금동,411504343435,하금로4번길
S0108307,찜탕,4115010100,경기도,의정부시,의정부동,\N,4115051000,의정부1동,411503215066,평화로
S0108309,카페/디저트,4115010600,경기도,의정부시,민락동,\N,4115057600,송산2동,411504343294,용현로159번길
S0108310,카페/디저트,4115010600,경기도,의정부시,민락동,\N,4115057600,송산2동,411504343291,용현로122번길
S0108314,카페/디저트,4115010600,경기도,의정부시,민락동,\N,4115057800,송산3동,411504343540,오목로225번길
S0108315,카페/디저트,4115010600,경기도,의정부시,민락동,\N,4115057800,송산3동,411504343540,오목로225번길
S0108316,카페/디저트,4115010600,경기도,의정부시,민락동,\N,4115057800,송산3동,411504343540,오목로225번길
S0108317,돈까스/일식,4115010100,경기도,의정부시,의정부동,\N,4115052000,의정부2동,411504343254,신흥로239번길
S0108318,돈까스/일식,4115010100,경기도,의정부시,의정부동,\N,4115052000,의정부2동,411504343254,신흥로239번길
S0108321,카페/디저트,4115010200,경기도,의정부시,호원동,\N,4115055500,호원2동,411503181029,신흥로
S0108322,카페/디저트,4115010200,경기도,의정부시,호원동,\N,4115055500,호원2동,411503181029,신흥로
S0108330,치킨,4115011100,경기도,의정부시,녹양동,\N,4115062000,녹양동,411503181020,비우로
S0108334,돈까스/일식,4119010900,경기도,부천시,상동,\N,4119074400,상동,411903000019,부일로
S0108336,회,2823710100,인천광역시,부평구,부평동,\N,2823754000,부평4동,282373154007,길주남로
S0108337,회,2823710100,인천광역시,부평구,부평동,\N,2823754000,부평4동,282373154007,길주남로
S0108338,회,2823710100,인천광역시,부평구,부평동,\N,2823754000,부평4동,282373154007,길주남로
S0108341,야식,4115010500,경기도,의정부시,용현동,\N,4115057300,송산1동,411504343277,오목로18번길
S0108342,야식,4115010500,경기도,의정부시,용현동,\N,4115057300,송산1동,411504343277,오목로18번길
S0108343,야식,4115010500,경기도,의정부시,용현동,\N,4115057300,송산1동,411504343277,오목로18번길
S0108344,야식,4115010500,경기도,의정부시,용현동,\N,4115057300,송산1동,411504343277,오목로18번길
S0108345,야식,4115010500,경기도,의정부시,용현동,\N,4115057300,송산1동,411504343277,오목로18번길
S0108346,야식,4115010500,경기도,의정부시,용현동,\N,4115057300,송산1동,411504343277,오목로18번길
S0108347,돈까스/일식,4139010200,경기도,시흥시,신천동,\N,4139052000,신천동,413904397372,수인로3335번길
S0108348,돈까스/일식,4715010800,경상북도,김천시,신음동,\N,4715057500,대신동,471504718589,신음1길
S0108349,돈까스/일식,4715010800,경상북도,김천시,신음동,\N,4715057500,대신동,471504718589,신음1길
S0108352,도시락,4817012500,경상남도,진주시,신안동,\N,4817071000,평거동,481703332056,진양호로
S0108354,한식,4115010400,경기도,의정부시,신곡동,\N,4115056800,신곡2동,411504343349,추동로140번길
S0108362,돈까스/일식,4723010500,경상북도,영천시,문외동,\N,4723052000,중앙동,472304730388,시청동길
S0108363,돈까스/일식,4723010500,경상북도,영천시,문외동,\N,4723052000,중앙동,472304730388,시청동길
S0108364,돈까스/일식,4723010500,경상북도,영천시,문외동,\N,4723052000,중앙동,472304730388,시청동길
S0108365,돈까스/일식,4723010500,경상북도,영천시,문외동,\N,4723052000,중앙동,472304730388,시청동길
S0108366,돈까스/일식,4723010500,경상북도,영천시,문외동,\N,4723052000,중앙동,472304730388,시청동길
S0108367,치킨,4127110400,경기도,안산시 상록구,본오동,\N,4127155000,본오2동,412713190003,각골로
S0108369,카페/디저트,4115010600,경기도,의정부시,민락동,\N,4115057600,송산2동,411504343295,용현로160번길
S0108374,야식,4115010200,경기도,의정부시,호원동,\N,4115055500,호원2동,411503181034,외미로
S0108380,카페/디저트,4115010200,경기도,의정부시,호원동,\N,4115055500,호원2동,411503181034,외미로
S0108381,한식,4115010200,경기도,의정부시,호원동,\N,4115055500,호원2동,411503181029,신흥로
S0108382,돈까스/일식,2823710100,인천광역시,부평구,부평동,\N,2823754000,부평4동,282373154010,대정로
S0108383,치킨,4157025621,경기도,김포시,양촌읍,양곡리,4157025600,양촌읍,415704427392,양곡2로60번길
S0108384,족발/보쌈,4125010100,경기도,동두천시,송내동,\N,4125056600,송내동,412504367142,중앙로33번길
S0108385,돈까스/일식,1154510100,서울특별시,금천구,가산동,\N,1154551000,가산동,115453117001,가산디지털1로
S0108387,치킨,4115010600,경기도,의정부시,민락동,\N,4115057600,송산2동,411503181056,효자로
S0108388,치킨,4115010600,경기도,의정부시,민락동,\N,4115057600,송산2동,411503181056,효자로
S0108389,중식,4150010100,경기도,이천시,창전동,\N,4150051000,창전동,415004421524,어재연로37번길
S0108390,아시안/양식,4115010100,경기도,의정부시,의정부동,\N,4115051000,의정부1동,411504343196,시민로121번길
S0108391,아시안/양식,4115010100,경기도,의정부시,의정부동,\N,4115051000,의정부1동,411504343196,시민로121번길
S0108394,치킨,4139010100,경기도,시흥시,대야동,\N,4139051000,대야동,413904397152,대골안길
S0108404,한식,4421036023,충청남도,서산시,성연면,오사리,4421036000,성연면,442103265064,성연2로
S0108407,한식,4115011300,경기도,의정부시,산곡동,\N,4115057300,송산1동,411503352504,세석로
S0108410,치킨,4715011400,경상북도,김천시,부곡동,\N,4715059500,대곡동,471504718437,부곡중앙2길
S0108411,치킨,4715011400,경상북도,김천시,부곡동,\N,4715059500,대곡동,471504718437,부곡중앙2길
S0108417,돈까스/일식,4180025321,경기도,연천군,전곡읍,전곡리,4180025300,전곡읍,418003215038,전곡로
S0108418,심부름,4115010200,경기도,의정부시,호원동,\N,4115055500,호원2동,411503181034,외미로
S0108421,심부름,4115010100,경기도,의정부시,의정부동,\N,4115051000,의정부1동,411504343196,시민로121번길
S0108422,심부름,4115010200,경기도,의정부시,호원동,\N,4115055500,호원2동,411503181034,외미로
S0108424,돈까스/일식,4165010100,경기도,포천시,신읍동,\N,4165051000,포천동,416504439593,중앙로119번길
S0108426,심부름,4163010800,경기도,양주시,삼숭동,\N,4163052000,양주2동,416304436222,삼숭로38번길
S0108427,심부름,1135010500,서울특별시,노원구,상계동,\N,1135069500,상계6.7동,113503005047,노해로
S0108430,치킨,4715010800,경상북도,김천시,신음동,\N,4715057500,대신동,471504718550,시청1길
S0108431,치킨,4715010800,경상북도,김천시,신음동,\N,4715057500,대신동,471504718550,시청1길
S0108432,치킨,4715010800,경상북도,김천시,신음동,\N,4715057500,대신동,471504718550,시청1길
S0108433,찜탕,4139010200,경기도,시흥시,신천동,\N,4139052000,신천동,413904397307,삼미시장2길
S0108436,찜탕,4127110400,경기도,안산시 상록구,본오동,\N,4127154000,본오1동,412713190008,고목로
S0108438,패스트푸드,4121010200,경기도,광명시,철산동,\N,4121061000,철산3동,412104361246,오리로856번길
S0108439,패스트푸드,4121010200,경기도,광명시,철산동,\N,4121061000,철산3동,412104361246,오리로856번길
S0108441,돈까스/일식,4715011400,경상북도,김천시,부곡동,\N,4715059500,대곡동,471503306019,송설로
S0108442,돈까스/일식,4715011400,경상북도,김천시,부곡동,\N,4715059500,대곡동,471503306019,송설로
S0108443,돈까스/일식,4119011500,경기도,부천시,옥길동,\N,4119079500,범안동,411903186021,양지로
S0108445,회,4115010500,경기도,의정부시,용현동,\N,4115057300,송산1동,411504343161,부용로213번길
S0108446,회,4115010500,경기도,의정부시,용현동,\N,4115057300,송산1동,411504343161,부용로213번길
S0108452,피자,4715011400,경상북도,김천시,부곡동,\N,4715059500,대곡동,471503306005,김천로
S0108454,분식,4115010600,경기도,의정부시,민락동,\N,4115057800,송산3동,411504343540,오목로225번길
S0108455,분식,4115010600,경기도,의정부시,민락동,\N,4115057800,송산3동,411504343540,오목로225번길
S0108456,분식,4115010600,경기도,의정부시,민락동,\N,4115057800,송산3동,411504343540,오목로225번길
S0108458,돈까스/일식,4715010800,경상북도,김천시,신음동,\N,4715057500,대신동,471504718566,신기길
S0108461,분식,4150010200,경기도,이천시,관고동,\N,4150053000,관고동,415003207041,영창로
S0108462,카페/디저트,4115010600,경기도,의정부시,민락동,\N,4115057600,송산2동,411504343536,송현로82번길
S0108463,카페/디저트,4115010600,경기도,의정부시,민락동,\N,4115057600,송산2동,411504343536,송현로82번길
S0108464,카페/디저트,4115010600,경기도,의정부시,민락동,\N,4115057600,송산2동,411504343536,송현로82번길
S0108465,카페/디저트,4115010600,경기도,의정부시,민락동,\N,4115057600,송산2동,411504343536,송현로82번길
S0108471,돈까스/일식,4119011000,경기도,부천시,소사본동,\N,4119075000,소사본동,411903185023,호현로
S0108472,피자,5013010500,제주특별자치도,서귀포시,동홍동,\N,5013057000,동홍동,501303349235,일주동로
S0108473,한식,4421034029,충청남도,서산시,지곡면,무장리,4421034000,지곡면,442104562263,무장길
S0108475,중식,4115010500,경기도,의정부시,용현동,\N,4115057300,송산1동,411504343279,오목로35번길
S0108476,중식,4115010500,경기도,의정부시,용현동,\N,4115057300,송산1동,411504343279,오목로35번길
S0108477,중식,4115010500,경기도,의정부시,용현동,\N,4115057300,송산1동,411504343279,오목로35번길
S0108478,중식,4115010500,경기도,의정부시,용현동,\N,4115057300,송산1동,411504343279,오목로35번길
S0108480,돈까스/일식,4125010200,경기도,동두천시,지행동,\N,4125056500,불현동,412503189023,이담로
S0108481,돈까스/일식,4125010200,경기도,동두천시,지행동,\N,4125056500,불현동,412503189023,이담로
S0108484,족발/보쌈,4715010400,경상북도,김천시,성내동,\N,4715051600,자산동,471503306030,자산로
S0108486,카페/디저트,2726011200,대구광역시,수성구,지산동,\N,2726065200,지산2동,272603146020,용학로
S0108487,카페/디저트,4115010600,경기도,의정부시,민락동,\N,4115057600,송산2동,411503181033,오목로
S0108488,카페/디저트,4115010600,경기도,의정부시,민락동,\N,4115057600,송산2동,411503181033,오목로
S0108490,한식,4122025329,경기도,평택시,안중읍,송담리,4122025300,안중읍,412203188135,안현로
S0108495,카페/디저트,4119011200,경기도,부천시,범박동,\N,4119079500,범안동,411903186022,양지남로
S0108499,돈까스/일식,4119011300,경기도,부천시,괴안동,\N,4119079500,범안동,411903185007,소사동로
S0108500,피자,4421010200,충청남도,서산시,동문동,\N,4421053500,동문2동,442103254105,안견로
S0108501,피자,4421010200,충청남도,서산시,동문동,\N,4421053500,동문2동,442103254105,안견로
S0108502,피자,4421010200,충청남도,서산시,동문동,\N,4421053500,동문2동,442103254105,안견로
S0108503,야식,4119010200,경기도,부천시,심곡동,\N,4119060300,심곡동,411904352168,부천로29번길
S0108505,분식,4115010600,경기도,의정부시,민락동,\N,4115057600,송산2동,411503181035,용민로
S0108506,분식,4115010600,경기도,의정부시,민락동,\N,4115057600,송산2동,411503181035,용민로
S0108507,분식,4115010600,경기도,의정부시,민락동,\N,4115057600,송산2동,411503181035,용민로
S0108508,분식,4115010600,경기도,의정부시,민락동,\N,4115057600,송산2동,411503181035,용민로
S0108515,돈까스/일식,4128110100,경기도,고양시 덕양구,주교동,\N,4128154000,성사1동,412814376341,호국로789번길
S0108519,패스트푸드,2644010400,부산광역시,강서구,명지동,\N,2644053500,명지1동,264403350868,명지국제8로
S0108520,돈까스/일식,4122025321,경기도,평택시,안중읍,안중리,4122025300,안중읍,412203188135,안현로
S0108521,돈까스/일식,4122025321,경기도,평택시,안중읍,안중리,4122025300,안중읍,412203188135,안현로
S0108522,피자,4115010600,경기도,의정부시,민락동,\N,4115057600,송산2동,411504343294,용현로159번길
S0108523,피자,4115010600,경기도,의정부시,민락동,\N,4115057600,송산2동,411504343294,용현로159번길
S0108524,피자,4115010600,경기도,의정부시,민락동,\N,4115057600,송산2동,411504343294,용현로159번길
S0108525,피자,4115010600,경기도,의정부시,민락동,\N,4115057600,송산2동,411504343294,용현로159번길
S0108526,피자,4115010600,경기도,의정부시,민락동,\N,4115057600,송산2동,411504343294,용현로159번길
S0108527,피자,4115010600,경기도,의정부시,민락동,\N,4115057600,송산2동,411504343294,용현로159번길
S0108528,찜탕,4115010400,경기도,의정부시,신곡동,\N,4115056800,신곡2동,411503181023,새말로
S0108529,분식,4115010600,경기도,의정부시,민락동,\N,4115057800,송산3동,411504343540,오목로225번길
S0108530,분식,4115010600,경기도,의정부시,민락동,\N,4115057800,송산3동,411504343540,오목로225번길
S0108532,패스트푸드,4122010100,경기도,평택시,서정동,\N,4122052000,서정동,412202012013,경기대로
S0108537,심부름,4122010100,경기도,평택시,서정동,\N,4122052000,서정동,412203188028,서정로
S0108540,치킨,4715010800,경상북도,김천시,신음동,\N,4715057500,대신동,471504718594,신음새동네길
S0108544,한식,4115010500,경기도,의정부시,용현동,\N,4115057300,송산1동,411504343226,시민로416번길
S0108545,한식,4115010500,경기도,의정부시,용현동,\N,4115057300,송산1동,411504343226,시민로416번길
S0108547,한식,4115010600,경기도,의정부시,민락동,\N,4115057800,송산3동,411503181035,용민로
S0108548,한식,4115010600,경기도,의정부시,민락동,\N,4115057800,송산3동,411503181035,용민로
S0108549,한식,4115010600,경기도,의정부시,민락동,\N,4115057800,송산3동,411503181035,용민로
S0108550,회,4125010200,경기도,동두천시,지행동,\N,4125056600,송내동,412503189002,거북마루로
S0108551,분식,4115010100,경기도,의정부시,의정부동,\N,4115051000,의정부1동,411503215066,평화로
S0108552,치킨,4115010400,경기도,의정부시,신곡동,\N,4115056700,신곡1동,411503181028,신곡로
S0108555,야식,4115010600,경기도,의정부시,민락동,\N,4115057800,송산3동,411504343539,오목로205번길
S0108556,야식,4115010600,경기도,의정부시,민락동,\N,4115057800,송산3동,411504343539,오목로205번길
S0108557,야식,4115010600,경기도,의정부시,민락동,\N,4115057800,송산3동,411504343539,오목로205번길
S0108558,야식,4115010600,경기도,의정부시,민락동,\N,4115057800,송산3동,411504343539,오목로205번길
S0108559,야식,4115010600,경기도,의정부시,민락동,\N,4115057800,송산3동,411504343539,오목로205번길
S0108561,치킨,4125010200,경기도,동두천시,지행동,\N,4125056600,송내동,412503189031,중앙로
S0108562,족발/보쌈,4715010400,경상북도,김천시,성내동,\N,4715051600,자산동,\N,\N
S0108563,카페/디저트,4115010600,경기도,의정부시,민락동,\N,4115057800,송산3동,411503181046,천보로
S0108564,카페/디저트,4115010600,경기도,의정부시,민락동,\N,4115057800,송산3동,411503181046,천보로
S0108567,치킨,3014010200,대전광역시,중구,선화동,\N,3014053500,은행선화동,301403165023,선화서로
S0108570,한식,1150010300,서울특별시,강서구,화곡동,\N,1150054000,화곡1동,115004145021,강서로17가길
S0108571,한식,1150010300,서울특별시,강서구,화곡동,\N,1150054000,화곡1동,115004145021,강서로17가길
S0108576,심부름,4115010900,경기도,의정부시,금오동,\N,4115058000,자금동,411503181047,청사로
S0108578,배달전문업체,4115010100,경기도,의정부시,의정부동,\N,4115051000,의정부1동,411504343368,태평로146번길
S0108579,돈까스/일식,4125010600,경기도,동두천시,보산동,\N,4125055000,보산동,412503215066,평화로
S0108581,한식,4115010600,경기도,의정부시,민락동,\N,4115057800,송산3동,411504343540,오목로225번길
S0108582,한식,4115010600,경기도,의정부시,민락동,\N,4115057800,송산3동,411504343540,오목로225번길
S0108587,돈까스/일식,4115010400,경기도,의정부시,신곡동,\N,4115056700,신곡1동,411503181014,발곡로
S0108588,한식,4115010200,경기도,의정부시,호원동,\N,4115054500,호원1동,411503215066,평화로
S0108589,한식,4115010200,경기도,의정부시,호원동,\N,4115054500,호원1동,411503215066,평화로
S0108594,분식,4715010800,경상북도,김천시,신음동,\N,4715057500,대신동,471504718583,신양길
S0108598,카페/디저트,4115010600,경기도,의정부시,민락동,\N,4115057800,송산3동,411503181033,오목로
S0108599,돈까스/일식,4125010300,경기도,동두천시,생연동,\N,4125053500,중앙동,412503189031,중앙로
S0108604,한식,4421010800,충청남도,서산시,석남동,\N,4421055000,석남동,442103254108,양열로
S0108605,한식,4421010800,충청남도,서산시,석남동,\N,4421055000,석남동,442103254108,양열로
S0108606,분식,4115011000,경기도,의정부시,가능동,\N,4115061500,흥선동,411504343441,호국로1111번길
S0108607,분식,4115011000,경기도,의정부시,가능동,\N,4115061500,흥선동,411504343441,호국로1111번길
S0108608,분식,4115011000,경기도,의정부시,가능동,\N,4115061500,흥선동,411504343441,호국로1111번길
S0108611,야식,4128110600,경기도,고양시 덕양구,성사동,\N,4128154000,성사1동,412814376342,호국로790번길
S0108612,돈까스/일식,1147010100,서울특별시,양천구,신정동,\N,1147065000,신정4동,114704142384,중앙로48길
S0108615,중식,4115010100,경기도,의정부시,의정부동,\N,4115052000,의정부2동,411504343117,둔야로45번길
S0108616,중식,4115010100,경기도,의정부시,의정부동,\N,4115052000,의정부2동,411504343117,둔야로45번길
S0108617,중식,4115010100,경기도,의정부시,의정부동,\N,4115052000,의정부2동,411504343117,둔야로45번길
S0108618,중식,4115010100,경기도,의정부시,의정부동,\N,4115052000,의정부2동,411504343117,둔야로45번길
S0108620,카페/디저트,4115010600,경기도,의정부시,민락동,\N,4115057600,송산2동,411503181036,용현로
S0108626,야식,4115011100,경기도,의정부시,녹양동,\N,4115062000,녹양동,411503181020,비우로
S0108627,야식,4115011100,경기도,의정부시,녹양동,\N,4115062000,녹양동,411503181020,비우로
S0108628,돈까스/일식,4715011400,경상북도,김천시,부곡동,\N,4715059500,대곡동,471504718424,부곡맛고을2길
S0108629,카페/디저트,4115010600,경기도,의정부시,민락동,\N,4115057600,송산2동,411503181033,오목로
S0108641,치킨,4161011100,경기도,광주시,장지동,\N,4161056000,광남1동,416104433404,장지1길
S0108654,돈까스/일식,2823710100,인천광역시,부평구,부평동,\N,2823754000,부평4동,282373154007,길주남로
S0108657,패스트푸드,4163025023,경기도,양주시,백석읍,복지리,4163025000,백석읍,416303212024,호명로
S0108658,돈까스/일식,4115010900,경기도,의정부시,금오동,\N,4115058000,자금동,411503000001,동일로
S0108659,돈까스/일식,4115010900,경기도,의정부시,금오동,\N,4115058000,자금동,411503000001,동일로
S0108660,돈까스/일식,4125010300,경기도,동두천시,생연동,\N,4125052000,생연2동,412504367112,어수로83번길
S0108661,돈까스/일식,4125010300,경기도,동두천시,생연동,\N,4125052000,생연2동,412504367112,어수로83번길
S0108671,치킨,4715011400,경상북도,김천시,부곡동,\N,4715059500,대곡동,471504718423,부곡맛고을1길
S0108672,치킨,4715011400,경상북도,김천시,부곡동,\N,4715059500,대곡동,471504718423,부곡맛고을1길
S0108673,패스트푸드,4127110400,경기도,안산시 상록구,본오동,\N,4127154000,본오1동,412713190041,선암로
S0108674,돈까스/일식,4122025330,경기도,평택시,안중읍,현화리,4122025300,안중읍,412204364471,안현로서9길
S0108675,분식,4115011000,경기도,의정부시,가능동,\N,4115061500,흥선동,411503000136,호국로
S0108677,한식,5013010100,제주특별자치도,서귀포시,서귀동,\N,5013054000,천지동,501304850828,중앙로59번길
S0108678,회,5013010100,제주특별자치도,서귀포시,서귀동,\N,5013053000,중앙동,501304850827,중앙로54번길
S0108684,심부름,5013010100,제주특별자치도,서귀포시,서귀동,\N,5013052000,정방동,501303350254,중정로
S0108689,한식,5013010100,제주특별자치도,서귀포시,서귀동,\N,5013054000,천지동,501303350347,중앙로
S0108694,중식,5013010800,제주특별자치도,서귀포시,하효동,\N,5013055000,효돈동,501303349235,일주동로
S0108695,한식,5013010500,제주특별자치도,서귀포시,동홍동,\N,5013057000,동홍동,501303350347,중앙로
S0108722,한식,5013010500,제주특별자치도,서귀포시,동홍동,\N,5013057000,동홍동,501303350269,태평로
S0108726,한식,5013010100,제주특별자치도,서귀포시,서귀동,\N,5013054000,천지동,501304850828,중앙로59번길
S0108730,회,5013010100,제주특별자치도,서귀포시,서귀동,\N,5013053000,중앙동,501304850825,중앙로48번길
S0108741,회,5013010100,제주특별자치도,서귀포시,서귀동,\N,5013051000,송산동,501303350263,칠십리로
S0108742,한식,5013010500,제주특별자치도,서귀포시,동홍동,\N,5013057000,동홍동,501303350070,동홍로
S0108743,심부름,5013010500,제주특별자치도,서귀포시,동홍동,\N,5013057000,동홍동,501303350269,태평로
S0108750,한식,5013010100,제주특별자치도,서귀포시,서귀동,\N,5013054000,천지동,501303350259,천지로
S0108754,한식,5013010100,제주특별자치도,서귀포시,서귀동,\N,5013053000,중앙동,501303350339,동문로
S0108766,회,5013010100,제주특별자치도,서귀포시,서귀동,\N,5013053000,중앙동,501304850823,중앙로42번길
S0108779,패스트푸드,5013010500,제주특별자치도,서귀포시,동홍동,\N,5013057000,동홍동,501303350073,동홍중앙로
S0108788,야식,5013010100,제주특별자치도,서귀포시,서귀동,\N,5013054000,천지동,501304850830,중앙로71번길
S0108789,카페/디저트,5013010100,제주특별자치도,서귀포시,서귀동,\N,5013051000,송산동,501303350269,태평로
S0108795,카페/디저트,5013010100,제주특별자치도,서귀포시,서귀동,\N,5013053000,중앙동,501303350347,중앙로
S0108810,회,5013010100,제주특별자치도,서귀포시,서귀동,\N,5013053000,중앙동,501304850823,중앙로42번길
S0108818,한식,5013010100,제주특별자치도,서귀포시,서귀동,\N,5013052000,정방동,501303350347,중앙로
S0108830,야식,5013010100,제주특별자치도,서귀포시,서귀동,\N,5013054000,천지동,501304850830,중앙로71번길
S0108835,회,5013010100,제주특별자치도,서귀포시,서귀동,\N,5013053000,중앙동,501304850825,중앙로48번길
S0108850,한식,5013010500,제주특별자치도,서귀포시,동홍동,\N,5013057000,동홍동,501303350073,동홍중앙로
S0108854,찜탕,5013010600,제주특별자치도,서귀포시,서홍동,\N,5013054000,천지동,501303350152,서홍로
S0108858,한식,5013010100,제주특별자치도,서귀포시,서귀동,\N,5013051000,송산동,501303350269,태평로
S0108861,한식,5013010100,제주특별자치도,서귀포시,서귀동,\N,5013054000,천지동,501304850833,중앙로89번길
S0108864,치킨,5013010100,제주특별자치도,서귀포시,서귀동,\N,5013053000,중앙동,501304850825,중앙로48번길
S0108870,카페/디저트,5013010500,제주특별자치도,서귀포시,동홍동,\N,5013057000,동홍동,501303350073,동홍중앙로
S0108882,돈까스/일식,5013010100,제주특별자치도,서귀포시,서귀동,\N,5013054000,천지동,501303350343,서문로
S0108883,한식,5013010100,제주특별자치도,서귀포시,서귀동,\N,5013054000,천지동,501304850953,태평로353번길
S0108885,한식,5013010100,제주특별자치도,서귀포시,서귀동,\N,5013052000,정방동,501303350347,중앙로
S0108905,카페/디저트,5013010500,제주특별자치도,서귀포시,동홍동,\N,5013057000,동홍동,501303350347,중앙로
S0108911,한식,5013010100,제주특별자치도,서귀포시,서귀동,\N,5013051000,송산동,501303350269,태평로
S0108922,회,5013010100,제주특별자치도,서귀포시,서귀동,\N,5013053000,중앙동,501304850823,중앙로42번길
S0108926,심부름,5013010100,제주특별자치도,서귀포시,서귀동,\N,5013052000,정방동,501303350238,이중섭로
S0108944,한식,5013010300,제주특별자치도,서귀포시,서호동,\N,5013059000,대륜동,501303350179,신동로
S0108946,회,5013010100,제주특별자치도,서귀포시,서귀동,\N,5013053000,중앙동,501304850827,중앙로54번길
S0108947,치킨,5013010500,제주특별자치도,서귀포시,동홍동,\N,5013057000,동홍동,501303350068,동홍남로
S0108950,분식,5013010100,제주특별자치도,서귀포시,서귀동,\N,5013054000,천지동,501303350343,서문로
S0108957,중식,5013010100,제주특별자치도,서귀포시,서귀동,\N,5013052000,정방동,501303350165,소암로
S0108959,한식,5013010500,제주특별자치도,서귀포시,동홍동,\N,5013057000,동홍동,501303349235,일주동로
S0108960,심부름,5013010100,제주특별자치도,서귀포시,서귀동,\N,5013052000,정방동,501303350080,명동로
S0108966,회,5013010100,제주특별자치도,서귀포시,서귀동,\N,5013053000,중앙동,501304850825,중앙로48번길
S0108968,심부름,5013010600,제주특별자치도,서귀포시,서홍동,\N,5013058000,서홍동,501303350347,중앙로
S0108987,분식,5013010100,제주특별자치도,서귀포시,서귀동,\N,5013053000,중앙동,501304850823,중앙로42번길
S0108998,회,5013010100,제주특별자치도,서귀포시,서귀동,\N,5013053000,중앙동,501304850836,중정로61번길
S0109001,한식,5013010100,제주특별자치도,서귀포시,서귀동,\N,5013053000,중앙동,501303350070,동홍로
S0109002,심부름,5013010100,제주특별자치도,서귀포시,서귀동,\N,5013052000,정방동,501303350254,중정로
S0109004,찜탕,5013010100,제주특별자치도,서귀포시,서귀동,\N,5013052000,정방동,501304850954,태평로371번길
S0109009,중식,5013010100,제주특별자치도,서귀포시,서귀동,\N,5013054000,천지동,501304850824,중앙로47번길
S0109013,카페/디저트,5013010100,제주특별자치도,서귀포시,서귀동,\N,5013054000,천지동,501303350343,서문로
S0109020,분식,5013010500,제주특별자치도,서귀포시,동홍동,\N,5013057000,동홍동,501303350073,동홍중앙로
S0109030,야식,5013010100,제주특별자치도,서귀포시,서귀동,\N,5013052000,정방동,501303350080,명동로
S0109035,심부름,5013010500,제주특별자치도,서귀포시,동홍동,\N,5013057000,동홍동,501303350269,태평로
S0109040,치킨,5013010100,제주특별자치도,서귀포시,서귀동,\N,5013053000,중앙동,\N,\N
S0109043,분식,5013010100,제주특별자치도,서귀포시,서귀동,\N,5013052000,정방동,501304850958,태평로439번길
S0109044,한식,5013010600,제주특별자치도,서귀포시,서홍동,\N,5013058000,서홍동,501304850812,중앙로101번길
S0109052,심부름,5013010500,제주특별자치도,서귀포시,동홍동,\N,5013057000,동홍동,501303350072,동홍서로
S0109063,카페/디저트,5013010100,제주특별자치도,서귀포시,서귀동,\N,5013053000,중앙동,501303350347,중앙로
S0109076,한식,5013010500,제주특별자치도,서귀포시,동홍동,\N,5013057000,동홍동,501304850212,동홍중앙로90번길
S0109086,한식,5013010100,제주특별자치도,서귀포시,서귀동,\N,5013054000,천지동,501303350259,천지로
S0109092,분식,5013010500,제주특별자치도,서귀포시,동홍동,\N,5013057000,동홍동,501303350073,동홍중앙로
S0109094,야식,5013010500,제주특별자치도,서귀포시,동홍동,\N,5013057000,동홍동,501303350068,동홍남로
S0109096,중식,5013010100,제주특별자치도,서귀포시,서귀동,\N,5013054000,천지동,501304850824,중앙로47번길
S0109099,한식,5013011100,제주특별자치도,서귀포시,토평동,\N,5013056000,영천동,501304850999,토평로50번길
S0109100,분식,5013010500,제주특별자치도,서귀포시,동홍동,\N,5013057000,동홍동,501303350070,동홍로
S0109107,한식,5013010100,제주특별자치도,서귀포시,서귀동,\N,5013054000,천지동,501303349235,일주동로
S0109113,돈까스/일식,5013010100,제주특별자치도,서귀포시,서귀동,\N,5013054000,천지동,501303350259,천지로
S0109115,찜탕,5013010100,제주특별자치도,서귀포시,서귀동,\N,5013052000,정방동,501304850837,중정로62번길
S0109126,분식,5013010100,제주특별자치도,서귀포시,서귀동,\N,5013054000,천지동,501303349235,일주동로
S0109128,치킨,5013011600,제주특별자치도,서귀포시,강정동,\N,5013060000,대천동,501304850538,신서귀로97번길
S0109133,한식,5013010100,제주특별자치도,서귀포시,서귀동,\N,5013054000,천지동,501304850832,중앙로79번길
S0109137,치킨,5013011600,제주특별자치도,서귀포시,강정동,\N,5013060000,대천동,501304850557,신중로13번길
S0109138,한식,5013010100,제주특별자치도,서귀포시,서귀동,\N,5013051000,송산동,501304850493,솔동산로22번길
S0109139,한식,5013010500,제주특별자치도,서귀포시,동홍동,\N,5013057000,동홍동,501304850210,동홍중앙로66번길
S0109147,중식,5013010100,제주특별자치도,서귀포시,서귀동,\N,5013052000,정방동,501303350165,소암로
S0109148,한식,5013010500,제주특별자치도,서귀포시,동홍동,\N,5013057000,동홍동,501303349238,중산간동로
S0109150,치킨,5013010500,제주특별자치도,서귀포시,동홍동,\N,5013057000,동홍동,501303350088,문부로
S0109159,카페/디저트,5013010100,제주특별자치도,서귀포시,서귀동,\N,5013054000,천지동,501303350343,서문로
S0109163,카페/디저트,5013010100,제주특별자치도,서귀포시,서귀동,\N,5013051000,송산동,\N,\N
S0109167,도시락,5013010600,제주특별자치도,서귀포시,서홍동,\N,5013058000,서홍동,501303350347,중앙로
S0109171,심부름,5013010100,제주특별자치도,서귀포시,서귀동,\N,5013052000,정방동,501303350080,명동로
S0109181,한식,5013010600,제주특별자치도,서귀포시,서홍동,\N,5013058000,서홍동,501303349238,중산간동로
S0109183,찜탕,5013011100,제주특별자치도,서귀포시,토평동,\N,5013056000,영천동,501303349238,중산간동로
S0109193,한식,5013010500,제주특별자치도,서귀포시,동홍동,\N,5013057000,동홍동,501303350070,동홍로
S0109205,치킨,5013010100,제주특별자치도,서귀포시,서귀동,\N,5013053000,중앙동,501304850829,중앙로62번길
S0109207,중식,5013010100,제주특별자치도,서귀포시,서귀동,\N,5013052000,정방동,501303350165,소암로
S0109208,카페/디저트,5013010100,제주특별자치도,서귀포시,서귀동,\N,5013053000,중앙동,501304850823,중앙로42번길
S0109216,한식,5013010100,제주특별자치도,서귀포시,서귀동,\N,5013054000,천지동,501304850828,중앙로59번길
S0109220,한식,5013010100,제주특별자치도,서귀포시,서귀동,\N,5013054000,천지동,501304850399,서문로29번길
S0109221,한식,5013010100,제주특별자치도,서귀포시,서귀동,\N,5013052000,정방동,501303350347,중앙로
S0109225,심부름,5013011100,제주특별자치도,서귀포시,토평동,\N,5013056000,영천동,501304851000,토평로61번길
S0109234,야식,5013011000,제주특별자치도,서귀포시,보목동,\N,5013051000,송산동,501303350263,칠십리로
S0109240,치킨,5013010500,제주특별자치도,서귀포시,동홍동,\N,5013057000,동홍동,501303350068,동홍남로
S0109250,분식,5013010500,제주특별자치도,서귀포시,동홍동,\N,5013057000,동홍동,501303350070,동홍로
S0109253,한식,5013010100,제주특별자치도,서귀포시,서귀동,\N,5013054000,천지동,501304850828,중앙로59번길
S0109277,한식,5013010100,제주특별자치도,서귀포시,서귀동,\N,5013052000,정방동,501303350065,동부로
S0109278,야식,5013010100,제주특별자치도,서귀포시,서귀동,\N,5013054000,천지동,501304850830,중앙로71번길
S0109282,중식,5013010500,제주특별자치도,서귀포시,동홍동,\N,5013057000,동홍동,501303349235,일주동로
S0109283,야식,5013010100,제주특별자치도,서귀포시,서귀동,\N,5013054000,천지동,501304850399,서문로29번길
S0109289,돈까스/일식,5013010100,제주특별자치도,서귀포시,서귀동,\N,5013054000,천지동,501303350259,천지로
S0109292,한식,5013010100,제주특별자치도,서귀포시,서귀동,\N,5013054000,천지동,501304850399,서문로29번길
S0109293,분식,5013010100,제주특별자치도,서귀포시,서귀동,\N,5013053000,중앙동,501304850823,중앙로42번길
S0109297,한식,5013010600,제주특별자치도,서귀포시,서홍동,\N,5013058000,서홍동,501303350152,서홍로
S0109323,카페/디저트,5013010100,제주특별자치도,서귀포시,서귀동,\N,5013052000,정방동,501303350254,중정로
S0109326,한식,5013010500,제주특별자치도,서귀포시,동홍동,\N,5013057000,동홍동,501303350269,태평로
S0109331,치킨,5013011600,제주특별자치도,서귀포시,강정동,\N,5013060000,대천동,501303350224,월드컵로
S0109334,찜탕,5013010100,제주특별자치도,서귀포시,서귀동,\N,5013054000,천지동,501304850399,서문로29번길
S0109335,분식,5013010100,제주특별자치도,서귀포시,서귀동,\N,5013053000,중앙동,501304850823,중앙로42번길
S0109343,피자,5013010600,제주특별자치도,서귀포시,서홍동,\N,5013058000,서홍동,501303350347,중앙로
S0109344,한식,5013010100,제주특별자치도,서귀포시,서귀동,\N,5013051000,송산동,501303350269,태평로
S0109349,중식,5013010100,제주특별자치도,서귀포시,서귀동,\N,5013052000,정방동,501303350165,소암로
S0109355,회,5013010100,제주특별자치도,서귀포시,서귀동,\N,5013053000,중앙동,501304850823,중앙로42번길
S0109357,회,5013010100,제주특별자치도,서귀포시,서귀동,\N,5013053000,중앙동,501304850823,중앙로42번길
S0109368,한식,5013010100,제주특별자치도,서귀포시,서귀동,\N,5013052000,정방동,501304850837,중정로62번길
S0109370,찜탕,5013010100,제주특별자치도,서귀포시,서귀동,\N,5013053000,중앙동,501303350064,동문동로
S0109372,회,5013010100,제주특별자치도,서귀포시,서귀동,\N,5013053000,중앙동,501304850836,중정로61번길
S0109382,한식,5013010100,제주특별자치도,서귀포시,서귀동,\N,5013052000,정방동,501303350080,명동로
S0109389,치킨,5013010100,제주특별자치도,서귀포시,서귀동,\N,5013052000,정방동,501303350254,중정로
S0109413,중식,5013010100,제주특별자치도,서귀포시,서귀동,\N,5013051000,송산동,501303350103,부두로
S0109418,찜탕,5013010100,제주특별자치도,서귀포시,서귀동,\N,5013051000,송산동,501303350269,태평로
S0109422,한식,5013010100,제주특별자치도,서귀포시,서귀동,\N,5013052000,정방동,501303350080,명동로
S0109423,회,5013010100,제주특별자치도,서귀포시,서귀동,\N,5013053000,중앙동,501304850825,중앙로48번길
S0109435,도시락,5013010500,제주특별자치도,서귀포시,동홍동,\N,5013057000,동홍동,501303350073,동홍중앙로
S0109446,분식,5013010500,제주특별자치도,서귀포시,동홍동,\N,5013057000,동홍동,501303350073,동홍중앙로
S0109455,회,5013010100,제주특별자치도,서귀포시,서귀동,\N,5013053000,중앙동,501304850825,중앙로48번길
S0109466,한식,5013010600,제주특별자치도,서귀포시,서홍동,\N,5013058000,서홍동,501303350152,서홍로
S0109474,찜탕,5013010100,제주특별자치도,서귀포시,서귀동,\N,5013051000,송산동,501303350269,태평로
S0109479,회,5013011000,제주특별자치도,서귀포시,보목동,\N,5013051000,송산동,501303350099,보목포로
S0109505,돈까스/일식,5013010100,제주특별자치도,서귀포시,서귀동,\N,5013054000,천지동,501303350259,천지로
S0109519,찜탕,5013011100,제주특별자치도,서귀포시,토평동,\N,5013056000,영천동,501303349238,중산간동로
S0109526,분식,5013010100,제주특별자치도,서귀포시,서귀동,\N,5013053000,중앙동,501303350064,동문동로
S0109541,회,5013010100,제주특별자치도,서귀포시,서귀동,\N,5013051000,송산동,501304850493,솔동산로22번길
S0109552,카페/디저트,5013010600,제주특별자치도,서귀포시,서홍동,\N,5013058000,서홍동,501303349235,일주동로
S0109562,한식,5013010100,제주특별자치도,서귀포시,서귀동,\N,5013054000,천지동,501303349235,일주동로
S0109568,한식,5013010500,제주특별자치도,서귀포시,동홍동,\N,5013057000,동홍동,501303350069,동홍동로
S0109572,한식,5013010100,제주특별자치도,서귀포시,서귀동,\N,5013054000,천지동,501304850832,중앙로79번길
S0109577,한식,5013010100,제주특별자치도,서귀포시,서귀동,\N,5013052000,정방동,501303350347,중앙로
S0109578,회,5013010100,제주특별자치도,서귀포시,서귀동,\N,5013053000,중앙동,501304850823,중앙로42번길
S0109583,한식,5013010500,제주특별자치도,서귀포시,동홍동,\N,5013057000,동홍동,501304850965,태평로537번길
S0109596,분식,5013011600,제주특별자치도,서귀포시,강정동,\N,5013060000,대천동,501304850545,신서로52번길
S0109600,한식,5013010500,제주특별자치도,서귀포시,동홍동,\N,5013057000,동홍동,501303349238,중산간동로
S0109630,분식,5013010100,제주특별자치도,서귀포시,서귀동,\N,5013054000,천지동,501303350343,서문로
S0109637,찜탕,5013011100,제주특별자치도,서귀포시,토평동,\N,5013056000,영천동,501303020004,516로
S0109639,중식,5013010800,제주특별자치도,서귀포시,하효동,\N,5013055000,효돈동,501303349235,일주동로
S0109643,한식,5013010500,제주특별자치도,서귀포시,동홍동,\N,5013057000,동홍동,501303350070,동홍로
S0109658,한식,5013010600,제주특별자치도,서귀포시,서홍동,\N,5013058000,서홍동,501303350152,서홍로
S0109671,돈까스/일식,5013010100,제주특별자치도,서귀포시,서귀동,\N,5013054000,천지동,501304850822,중앙로41번길
S0109672,한식,5013010500,제주특별자치도,서귀포시,동홍동,\N,5013057000,동홍동,501303349238,중산간동로
S0109683,치킨,5013010500,제주특별자치도,서귀포시,동홍동,\N,5013057000,동홍동,501303350068,동홍남로
S0109685,카페/디저트,5013010600,제주특별자치도,서귀포시,서홍동,\N,5013058000,서홍동,501303350323,홍중로
S0109690,심부름,5013010100,제주특별자치도,서귀포시,서귀동,\N,5013052000,정방동,501304850837,중정로62번길
S0109695,한식,5013010100,제주특별자치도,서귀포시,서귀동,\N,5013053000,중앙동,501303350346,중동로
S0109703,분식,5013011600,제주특별자치도,서귀포시,강정동,\N,5013060000,대천동,501303350224,월드컵로
S0109712,분식,5013010100,제주특별자치도,서귀포시,서귀동,\N,5013054000,천지동,501304850833,중앙로89번길
S0109718,한식,5013010100,제주특별자치도,서귀포시,서귀동,\N,5013054000,천지동,501303350259,천지로
S0109727,카페/디저트,5013010100,제주특별자치도,서귀포시,서귀동,\N,5013051000,송산동,501303350263,칠십리로
S0109744,한식,5013010100,제주특별자치도,서귀포시,서귀동,\N,5013053000,중앙동,501303350346,중동로
S0109745,카페/디저트,5013010100,제주특별자치도,서귀포시,서귀동,\N,5013052000,정방동,501303350080,명동로
S0109748,한식,5013010100,제주특별자치도,서귀포시,서귀동,\N,5013054000,천지동,501304850832,중앙로79번길
S0109753,회,5013011000,제주특별자치도,서귀포시,보목동,\N,5013051000,송산동,501303350099,보목포로
S0109757,한식,5013011100,제주특별자치도,서귀포시,토평동,\N,5013056000,영천동,501304850999,토평로50번길
S0109758,회,5013010100,제주특별자치도,서귀포시,서귀동,\N,5013053000,중앙동,501304850836,중정로61번길
S0109759,한식,5013010100,제주특별자치도,서귀포시,서귀동,\N,5013053000,중앙동,501304850823,중앙로42번길
S0109764,한식,5013010300,제주특별자치도,서귀포시,서호동,\N,5013059000,대륜동,501303350179,신동로
S0109772,심부름,5013010500,제주특별자치도,서귀포시,동홍동,\N,5013057000,동홍동,501303350072,동홍서로
S0109780,한식,5013010100,제주특별자치도,서귀포시,서귀동,\N,5013054000,천지동,501304850822,중앙로41번길
S0109792,분식,5013010100,제주특별자치도,서귀포시,서귀동,\N,5013053000,중앙동,501303350339,동문로
S0109794,찜탕,5013010100,제주특별자치도,서귀포시,서귀동,\N,5013054000,천지동,501304850833,중앙로89번길
S0109805,야식,5013010100,제주특별자치도,서귀포시,서귀동,\N,5013054000,천지동,501304850830,중앙로71번길
S0109806,찜탕,5013011100,제주특별자치도,서귀포시,토평동,\N,5013056000,영천동,501303349238,중산간동로
S0109809,한식,5013010100,제주특별자치도,서귀포시,서귀동,\N,5013054000,천지동,501303350259,천지로
S0109817,심부름,5013010500,제주특별자치도,서귀포시,동홍동,\N,5013057000,동홍동,501303350070,동홍로
S0109830,한식,5013010100,제주특별자치도,서귀포시,서귀동,\N,5013054000,천지동,501304850828,중앙로59번길
S0109834,한식,5013010100,제주특별자치도,서귀포시,서귀동,\N,5013053000,중앙동,501304850825,중앙로48번길
S0109857,카페/디저트,4115010600,경기도,의정부시,민락동,\N,4115057600,송산2동,411503181036,용현로
S0109858,돈까스/일식,4119011300,경기도,부천시,괴안동,\N,4119079500,범안동,411904355053,경인로484번길
S0109859,돈까스/일식,4125010200,경기도,동두천시,지행동,\N,4125056500,불현동,412503189023,이담로
S0109860,돈까스/일식,4125010200,경기도,동두천시,지행동,\N,4125056500,불현동,412503189023,이담로
S0109861,중식,4125010200,경기도,동두천시,지행동,\N,4125056500,불현동,412503189023,이담로
S0109862,피자,4127110300,경기도,안산시 상록구,사동,\N,4127152500,사동,412713190040,석호로
S0109863,피자,4127110300,경기도,안산시 상록구,사동,\N,4127152500,사동,412713190040,석호로
S0109864,피자,4127110300,경기도,안산시 상록구,사동,\N,4127152500,사동,412713190040,석호로
S0109865,돈까스/일식,4125010300,경기도,동두천시,생연동,\N,4125056500,불현동,412504367202,평화로2349번길
S0109866,카페/디저트,4817010800,경상남도,진주시,인사동,\N,4817055500,성북동,481703332056,진양호로
S0109867,찜탕,4115010100,경기도,의정부시,의정부동,\N,4115052000,의정부2동,411504343031,가능로98번길
S0109869,카페/디저트,4773025023,경상북도,의성군,의성읍,상리리,4773025000,의성읍,477304745140,동서1길
S0109871,아시안/양식,4115010100,경기도,의정부시,의정부동,\N,4115051000,의정부1동,411503181060,시민로
S0109876,한식,4165025022,경기도,포천시,소흘읍,이동교리,4165025000,소흘읍,416503012038,광릉수목원로
S0109877,중식,5013010100,제주특별자치도,서귀포시,서귀동,\N,5013054000,천지동,501304850824,중앙로47번길
S0109878,찜탕,4115010100,경기도,의정부시,의정부동,\N,4115052000,의정부2동,411503181010,둔야로
S0109882,치킨,4125010300,경기도,동두천시,생연동,\N,4125056500,불현동,412504367202,평화로2349번길
S0109883,돈까스/일식,4127110400,경기도,안산시 상록구,본오동,\N,4127156000,본오3동,412713190035,상록수로
S0109884,야식,4125010200,경기도,동두천시,지행동,\N,4125056600,송내동,412503189002,거북마루로
S0109885,족발/보쌈,4161011000,경기도,광주시,태전동,\N,4161053000,광남동,416103211002,고불로
S0109886,돈까스/일식,4715010500,경상북도,김천시,평화동,\N,4715053600,평화남산동,471504718890,평화중앙10길
S0109888,돈까스/일식,4715011400,경상북도,김천시,부곡동,\N,4715059500,대곡동,471504718422,부곡길
S0109889,돈까스/일식,4715011400,경상북도,김천시,부곡동,\N,4715059500,대곡동,471504718422,부곡길
S0109890,치킨,4115010100,경기도,의정부시,의정부동,\N,4115051000,의정부1동,411503181002,가능로
S0109891,찜탕,4115010400,경기도,의정부시,신곡동,\N,4115056800,신곡2동,411504343351,추동로1번길
S0109892,찜탕,4115010400,경기도,의정부시,신곡동,\N,4115056800,신곡2동,411504343351,추동로1번길
S0109893,찜탕,4115010400,경기도,의정부시,신곡동,\N,4115056800,신곡2동,411504343351,추동로1번길
S0109894,찜탕,4115010400,경기도,의정부시,신곡동,\N,4115056800,신곡2동,411504343351,추동로1번길
S0109895,찜탕,4115010400,경기도,의정부시,신곡동,\N,4115056800,신곡2동,411504343351,추동로1번길
S0109896,도시락,4115010400,경기도,의정부시,신곡동,\N,4115056800,신곡2동,411503181049,추동로
S0109897,치킨,4125010300,경기도,동두천시,생연동,\N,4125056500,불현동,412504367202,평화로2349번길
S0109899,돈까스/일식,4165010100,경기도,포천시,신읍동,\N,4165051000,포천동,416503213059,중앙로
S0109901,돈까스/일식,4125010300,경기도,동두천시,생연동,\N,4125052000,생연2동,412503189021,어수로
S0109903,돈까스/일식,4165025027,경기도,포천시,소흘읍,이가팔리,4165025000,소흘읍,416503213040,죽엽산로
S0109905,심부름,4115010100,경기도,의정부시,의정부동,\N,4115051000,의정부1동,411504343196,시민로121번길
S0109907,심부름,4115010100,경기도,의정부시,의정부동,\N,4115051000,의정부1동,411504343196,시민로121번길
S0109909,심부름,4115010100,경기도,의정부시,의정부동,\N,4115051000,의정부1동,411504343196,시민로121번길
S0109910,심부름,1135010500,서울특별시,노원구,상계동,\N,1135064000,상계2동,113504130088,노해로81길
S0109911,심부름,1135010500,서울특별시,노원구,상계동,\N,1135069500,상계6.7동,113503005047,노해로
S0109913,돈까스/일식,4125010300,경기도,동두천시,생연동,\N,4125052000,생연2동,412503189021,어수로
S0109915,돈까스/일식,4165010100,경기도,포천시,신읍동,\N,4165051000,포천동,416503213059,중앙로
S0109916,심부름,1135010500,서울특별시,노원구,상계동,\N,1135069500,상계6.7동,113503005047,노해로
S0109917,돈까스/일식,4165010400,경기도,포천시,선단동,\N,4165052000,선단동,416503012028,삼육사로
S0109918,돈까스/일식,4715010500,경상북도,김천시,평화동,\N,4715053600,평화남산동,471504718886,평화장미3길
S0109919,야식,4128110600,경기도,고양시 덕양구,성사동,\N,4128154000,성사1동,412812192001,고양대로
S0109920,돈까스/일식,4121010200,경기도,광명시,철산동,\N,4121061000,철산3동,412103000026,디지털로
S0109921,치킨,4115010900,경기도,의정부시,금오동,\N,4115058000,자금동,411503181047,청사로
S0109922,치킨,4115010900,경기도,의정부시,금오동,\N,4115058000,자금동,411503181047,청사로
S0109923,치킨,4115010900,경기도,의정부시,금오동,\N,4115058000,자금동,411503181047,청사로
S0109926,돈까스/일식,4125010100,경기도,동두천시,송내동,\N,4125056600,송내동,412503189005,동두천로
S0109929,한식,4163033021,경기도,양주시,광적면,가납리,4163033000,광적면,416304436491,광적로30번길
S0109930,한식,4163033021,경기도,양주시,광적면,가납리,4163033000,광적면,416304436491,광적로30번길
S0109931,분식,4115011100,경기도,의정부시,녹양동,\N,4115062000,녹양동,411503181048,체육로
S0109933,배달전문업체,4115010600,경기도,의정부시,민락동,\N,4115057600,송산2동,411503181035,용민로
S0109934,배달전문업체,4115010600,경기도,의정부시,민락동,\N,4115057600,송산2동,411503181035,용민로
S0109935,배달전문업체,4115010600,경기도,의정부시,민락동,\N,4115057600,송산2동,411503181035,용민로
S0109936,돈까스/일식,4119010700,경기도,부천시,역곡동,\N,4119060600,부천동,411904352374,역곡로26번길
S0109937,한식,4421036023,충청남도,서산시,성연면,오사리,4421036000,성연면,442103265064,성연2로
S0109938,카페/디저트,4115010600,경기도,의정부시,민락동,\N,4115057800,송산3동,411503181035,용민로
S0109939,야식,4115010200,경기도,의정부시,호원동,\N,4115055500,호원2동,411503181034,외미로
S0109941,치킨,4817012500,경상남도,진주시,신안동,\N,4817071500,신안동,481703332039,신안로
S0109944,돈까스/일식,4715010800,경상북도,김천시,신음동,\N,4715057500,대신동,471504718421,부거리길
S0109945,한식,4115010200,경기도,의정부시,호원동,\N,4115055500,호원2동,411503181034,외미로
S0109947,카페/디저트,4122025330,경기도,평택시,안중읍,현화리,4122025300,안중읍,412204364468,안현로서6길
S0109951,중식,4115010200,경기도,의정부시,호원동,\N,4115055500,호원2동,411503181015,백석로
S0109952,중식,4115010200,경기도,의정부시,호원동,\N,4115055500,호원2동,411503181015,백석로
S0109953,분식,4115010600,경기도,의정부시,민락동,\N,4115057800,송산3동,411504343539,오목로205번길
S0109954,분식,4115010600,경기도,의정부시,민락동,\N,4115057800,송산3동,411504343539,오목로205번길
S0109960,도시락,4115011000,경기도,의정부시,가능동,\N,4115061500,흥선동,411504343441,호국로1111번길
S0109961,도시락,4115011000,경기도,의정부시,가능동,\N,4115061500,흥선동,411504343441,호국로1111번길
S0109962,도시락,4115011000,경기도,의정부시,가능동,\N,4115061500,흥선동,411504343441,호국로1111번길
S0109968,치킨,4139010600,경기도,시흥시,은행동,\N,4139054000,은행동,413904397510,은행로149번길
S0109979,분식,4115010600,경기도,의정부시,민락동,\N,4115057600,송산2동,411503181036,용현로
S0109980,분식,4115010600,경기도,의정부시,민락동,\N,4115057600,송산2동,411503181036,용현로
S0109981,분식,4115010600,경기도,의정부시,민락동,\N,4115057600,송산2동,411503181036,용현로
S0109982,분식,4115010600,경기도,의정부시,민락동,\N,4115057600,송산2동,411503181036,용현로
S0109983,한식,4121010300,경기도,광명시,하안동,\N,4121063400,하안4동,412103187057,하안로
S0109985,한식,5013010500,제주특별자치도,서귀포시,동홍동,\N,5013057000,동홍동,501304850962,태평로512번길
S0109986,돈까스/일식,4115010100,경기도,의정부시,의정부동,\N,4115051000,의정부1동,411504343459,호국로1298번길
S0109987,돈까스/일식,4139010200,경기도,시흥시,신천동,\N,4139052000,신천동,413903185023,호현로
S0109988,분식,4115010100,경기도,의정부시,의정부동,\N,4115051000,의정부1동,411504343196,시민로121번길
S0109990,야식,4119011000,경기도,부천시,소사본동,\N,4119075000,소사본동,411904355196,소사로78번길
S0110005,족발/보쌈,1156013200,서울특별시,영등포구,신길동,\N,1156065000,신길3동,115604154025,가마산로67길
S0110006,치킨,4715010500,경상북도,김천시,평화동,\N,4715053600,평화남산동,471504718878,평화순환길
S0110014,돈까스/일식,4715010500,경상북도,김천시,평화동,\N,4715053600,평화남산동,471502306002,영남대로
S0110015,카페/디저트,4115010600,경기도,의정부시,민락동,\N,4115057600,송산2동,411503181033,오목로
S0110021,돈까스/일식,1154510100,서울특별시,금천구,가산동,\N,1154551000,가산동,115453117001,가산디지털1로
S0110022,한식,4122025329,경기도,평택시,안중읍,송담리,4122025300,안중읍,412203350992,송담1로
S0110023,돈까스/일식,4115010600,경기도,의정부시,민락동,\N,4115057600,송산2동,411504343282,용민로122번길
S0110024,치킨,4421010900,충청남도,서산시,예천동,\N,4421055000,석남동,442103254195,호수공원11로
S0110025,치킨,4421010900,충청남도,서산시,예천동,\N,4421055000,석남동,442103254195,호수공원11로
S0110026,찜탕,4115010600,경기도,의정부시,민락동,\N,4115057600,송산2동,411503181035,용민로
S0110028,돈까스/일식,4125010200,경기도,동두천시,지행동,\N,4125056500,불현동,412504367200,평화로2261번길
S0110034,찜탕,4115010900,경기도,의정부시,금오동,\N,4115058000,자금동,411504343164,부용로95번길
S0110035,찜탕,4115010900,경기도,의정부시,금오동,\N,4115058000,자금동,411504343164,부용로95번길
S0110037,치킨,4139010100,경기도,시흥시,대야동,\N,4139051000,대야동,413904397152,대골안길
S0110038,치킨,4139010100,경기도,시흥시,대야동,\N,4139051000,대야동,413904397152,대골안길
S0110039,족발/보쌈,4115010900,경기도,의정부시,금오동,\N,4115058000,자금동,411504343342,청사로47번길
S0110042,치킨,4163025023,경기도,양주시,백석읍,복지리,4163025000,백석읍,416303212009,꿈나무로
S0110043,돈까스/일식,4121010200,경기도,광명시,철산동,\N,4121061000,철산3동,412103000026,디지털로
S0110046,피자,4413125033,충청남도,천안시 동남구,목천읍,신계리,4413125000,목천읍,441314547219,목천안터2길
S0110047,피자,4413125033,충청남도,천안시 동남구,목천읍,신계리,4413125000,목천읍,441314547219,목천안터2길
S0110050,치킨,4115010200,경기도,의정부시,호원동,\N,4115055500,호원2동,411503181034,외미로
S0110051,한식,4121010300,경기도,광명시,하안동,\N,4121063300,하안3동,412103000027,범안로
S0110052,치킨,4125010200,경기도,동두천시,지행동,\N,4125056600,송내동,412503189005,동두천로
S0110054,야식,4163025023,경기도,양주시,백석읍,복지리,4163025000,백석읍,416303212024,호명로
S0110059,치킨,4121010300,경기도,광명시,하안동,\N,4121063300,하안3동,412103187057,하안로
S0110060,돈까스/일식,4119011300,경기도,부천시,괴안동,\N,4119079500,범안동,411903000027,범안로
S0110061,한식,1150010300,서울특별시,강서구,화곡동,\N,1150056000,화곡3동,115004145502,화곡로21길
S0110063,카페/디저트,4817013200,경상남도,진주시,호탄동,\N,4817074000,가호동,481704796065,강변길10번길
S0110064,분식,4115010700,경기도,의정부시,낙양동,\N,4115057800,송산3동,411503181035,용민로
S0110065,분식,4115010700,경기도,의정부시,낙양동,\N,4115057800,송산3동,411503181035,용민로
S0110066,분식,4115010700,경기도,의정부시,낙양동,\N,4115057800,송산3동,411503181035,용민로
S0110067,돈까스/일식,1154510200,서울특별시,금천구,독산동,\N,1154563000,독산3동,115453117004,독산로
S0110068,돈까스/일식,4125010300,경기도,동두천시,생연동,\N,4125056500,불현동,\N,\N
S0110069,족발/보쌈,4715010800,경상북도,김천시,신음동,\N,4715057500,대신동,471504718582,신양4길
S0110070,족발/보쌈,4715010800,경상북도,김천시,신음동,\N,4715057500,대신동,471504718582,신양4길
S0110071,치킨,4125010200,경기도,동두천시,지행동,\N,4125056600,송내동,412504367083,생연로9번길
S0110072,회,4125010200,경기도,동두천시,지행동,\N,4125056500,불현동,412503215066,평화로
S0110074,치킨,4115010400,경기도,의정부시,신곡동,\N,4115056800,신곡2동,411503181019,부용로
S0110075,돈까스/일식,4119011000,경기도,부천시,소사본동,\N,4119075000,소사본동,411904355324,호현로489번길
S0110082,야식,4127110300,경기도,안산시 상록구,사동,\N,4127153200,사이동,412713190042,선진로
S0110083,카페/디저트,4115010400,경기도,의정부시,신곡동,\N,4115056800,신곡2동,411504343327,장곡로596번길
S0110085,돈까스/일식,4125010300,경기도,동두천시,생연동,\N,4125052000,생연2동,412503189031,중앙로
S0110086,돈까스/일식,2823710700,인천광역시,부평구,부개동,\N,2823766000,부개2동,282374262515,수변로78번길
S0110087,한식,4125010200,경기도,동두천시,지행동,\N,4125056600,송내동,412503189002,거북마루로
S0110089,카페/디저트,4421010200,충청남도,서산시,동문동,\N,4421052500,동문1동,442104562158,대사동4길
S0110090,치킨,4163011600,경기도,양주시,덕계동,\N,4163054000,회천2동,416304436374,평화로1413번길
S0110091,치킨,4117110100,경기도,안양시 만안구,안양동,\N,4117156000,안양6동,411713182003,만안로
S0110092,치킨,4117110100,경기도,안양시 만안구,안양동,\N,4117156000,안양6동,411713182003,만안로
S0110093,치킨,4117110100,경기도,안양시 만안구,안양동,\N,4117156000,안양6동,411713182003,만안로
S0110098,족발/보쌈,4121010100,경기도,광명시,광명동,\N,4121055000,광명4동,412103000122,광명로
S0110099,카페/디저트,4115010100,경기도,의정부시,의정부동,\N,4115051000,의정부1동,411503215066,평화로
S0110100,돈까스/일식,1162010100,서울특별시,관악구,봉천동,\N,1162060500,은천동,116202000003,남부순환로
S0110101,한식,4623010800,전라남도,광양시,광영동,\N,4623054000,광영동,462303285004,광영로
S0110103,돈까스/일식,4125010300,경기도,동두천시,생연동,\N,4125052000,생연2동,412503189012,생연로
S0110105,한식,4715010800,경상북도,김천시,신음동,\N,4715057500,대신동,471503306048,시청로
S0110106,돈까스/일식,1154510100,서울특별시,금천구,가산동,\N,1154551000,가산동,115453116013,벚꽃로
S0110108,치킨,4115010300,경기도,의정부시,장암동,\N,4115056100,장암동,411504343491,회룡로192번길
S0110109,돈까스/일식,4315010400,충청북도,제천시,남천동,\N,4315053700,남현동,431502014004,의병대로
S0110110,한식,4139012300,경기도,시흥시,산현동,\N,4139057000,목감동,413904853497,산현마을길
S0110113,회,4421010800,충청남도,서산시,석남동,\N,4421055000,석남동,442103254032,덕지천로
S0110122,분식,4115010600,경기도,의정부시,민락동,\N,4115057600,송산2동,411503181035,용민로
S0110123,아시안/양식,4150010300,경기도,이천시,중리동,\N,4150052000,중리동,415004421396,서희로48번길
S0110125,돈까스/일식,4115010600,경기도,의정부시,민락동,\N,4115057800,송산3동,411504343540,오목로225번길
S0110126,야식,4127110400,경기도,안산시 상록구,본오동,\N,4127156000,본오3동,412713190058,용신로
S0110127,돈까스/일식,4715011400,경상북도,김천시,부곡동,\N,4715059500,대곡동,471504718424,부곡맛고을2길
S0110128,돈까스/일식,4715011400,경상북도,김천시,부곡동,\N,4715059500,대곡동,471504718424,부곡맛고을2길
S0110129,돈까스/일식,4125010600,경기도,동두천시,보산동,\N,4125055000,보산동,412503215066,평화로
S0110133,회,4817012200,경상남도,진주시,초전동,\N,4817069500,초장동,481704797689,초전북로61번길
S0110136,한식,4817011900,경상남도,진주시,상대동,\N,4817067300,상대동,481704796800,솔밭로132번길
S0110138,야식,4817011200,경상남도,진주시,계동,\N,4817055500,성북동,481704796669,비봉로54번길
S0110142,돈까스/일식,4817010400,경상남도,진주시,칠암동,\N,4817051500,천전동,481704797363,진주대로954번길
S0110144,분식,2644010400,부산광역시,강서구,명지동,\N,2644053500,명지1동,264404853415,명지국제5로148번길
S0110145,카페/디저트,4115010100,경기도,의정부시,의정부동,\N,4115051000,의정부1동,411504343367,태평로145번길
S0110146,카페/디저트,4115010100,경기도,의정부시,의정부동,\N,4115051000,의정부1동,411504343367,태평로145번길
S0110147,카페/디저트,4115010100,경기도,의정부시,의정부동,\N,4115051000,의정부1동,411504343367,태평로145번길
S0110148,카페/디저트,4115010100,경기도,의정부시,의정부동,\N,4115051000,의정부1동,411504343367,태평로145번길
S0110149,카페/디저트,4115010100,경기도,의정부시,의정부동,\N,4115051000,의정부1동,411504343367,태평로145번길
S0110150,카페/디저트,4115010100,경기도,의정부시,의정부동,\N,4115051000,의정부1동,411504343367,태평로145번길
S0110151,카페/디저트,4421010900,충청남도,서산시,예천동,\N,4421055000,석남동,442103254203,호수공원4로
S0110158,치킨,4211010200,강원도,춘천시,요선동,\N,4211058000,소양동,421103218018,서부대성로
S0110163,돈까스/일식,4115010100,경기도,의정부시,의정부동,\N,4115051000,의정부1동,411503181052,행복로
S0110164,카페/디저트,4115010500,경기도,의정부시,용현동,\N,4115057300,송산1동,411503181050,충의로
S0110166,돈까스/일식,4315011300,충청북도,제천시,청전동,\N,4315059000,청전동,431504517116,내제로25길
S0110167,돈까스/일식,4315011300,충청북도,제천시,청전동,\N,4315059000,청전동,431504517116,내제로25길
S0110168,카페/디저트,1162010100,서울특별시,관악구,봉천동,\N,1162057500,행운동,116202000003,남부순환로
S0110172,한식,1153010200,서울특별시,구로구,구로동,\N,1153054000,구로3동,115304148390,시흥대로163길
S0110173,치킨,2644010400,부산광역시,강서구,명지동,\N,2644053500,명지1동,264403350857,명지국제5로
S0110177,분식,4163025023,경기도,양주시,백석읍,복지리,4163025000,백석읍,416303212033,양주산성로
S0110178,분식,4163025023,경기도,양주시,백석읍,복지리,4163025000,백석읍,416303212033,양주산성로
S0110179,한식,4715010800,경상북도,김천시,신음동,\N,4715057500,대신동,471504718582,신양4길
S0110181,야식,4125010200,경기도,동두천시,지행동,\N,4125056600,송내동,412503189031,중앙로
S0110182,돈까스/일식,2823710400,인천광역시,부평구,청천동,\N,2823759200,청천2동,282373000065,길주로
S0110183,카페/디저트,4115010600,경기도,의정부시,민락동,\N,4115057800,송산3동,411503181013,민락로
S0110184,카페/디저트,4115010600,경기도,의정부시,민락동,\N,4115057800,송산3동,411503181013,민락로
S0110195,돈까스/일식,4315011300,충청북도,제천시,청전동,\N,4315059000,청전동,431504517035,고암로13길
S0110196,카페/디저트,4117110100,경기도,안양시 만안구,안양동,\N,4117157000,안양7동,411713182024,전파로
S0110197,분식,2635010500,부산광역시,해운대구,우동,\N,2635052000,우2동,263503133017,센텀7로
S0110198,분식,2635010500,부산광역시,해운대구,우동,\N,2635052000,우2동,263503133017,센텀7로
S0110200,패스트푸드,4715010800,경상북도,김천시,신음동,\N,4715057500,대신동,471503306048,시청로
S0110201,찜탕,4115010100,경기도,의정부시,의정부동,\N,4115059500,가능동,411503181002,가능로
S0110204,돈까스/일식,4715011400,경상북도,김천시,부곡동,\N,4715059500,대곡동,471504718434,부곡시장길
S0110210,카페/디저트,4421010200,충청남도,서산시,동문동,\N,4421052500,동문1동,442103254165,학동11로
S0110212,카페/디저트,4115010600,경기도,의정부시,민락동,\N,4115057800,송산3동,411503181035,용민로
S0110213,카페/디저트,4115010600,경기도,의정부시,민락동,\N,4115057800,송산3동,411503181035,용민로
S0110216,카페/디저트,4115010400,경기도,의정부시,신곡동,\N,4115056800,신곡2동,411504343354,추동로91번길
S0110217,카페/디저트,4115010400,경기도,의정부시,신곡동,\N,4115056800,신곡2동,411504343354,추동로91번길
S0110218,카페/디저트,4115010400,경기도,의정부시,신곡동,\N,4115056800,신곡2동,411504343354,추동로91번길
S0110219,카페/디저트,4115010400,경기도,의정부시,신곡동,\N,4115056800,신곡2동,411504343354,추동로91번길
S0110220,돈까스/일식,4119011500,경기도,부천시,옥길동,\N,4119079500,범안동,411904853794,양지로166번길
S0110221,카페/디저트,4119011500,경기도,부천시,옥길동,\N,4119079500,범안동,411904853794,양지로166번길
S0110222,돈까스/일식,4715010400,경상북도,김천시,성내동,\N,4715051600,자산동,471502306002,영남대로
S0110223,돈까스/일식,4715010400,경상북도,김천시,성내동,\N,4715051600,자산동,471502306002,영남대로
S0110226,야식,4817013100,경상남도,진주시,가좌동,\N,4817074000,가호동,481702332003,진주대로
S0110227,도시락,4115010100,경기도,의정부시,의정부동,\N,4115052000,의정부2동,\N,\N
S0110228,도시락,4115010100,경기도,의정부시,의정부동,\N,4115052000,의정부2동,\N,\N
S0110229,도시락,4115010100,경기도,의정부시,의정부동,\N,4115052000,의정부2동,\N,\N
S0110232,돈까스/일식,4715010800,경상북도,김천시,신음동,\N,4715057500,대신동,471504718582,신양4길
S0110233,돈까스/일식,4715010800,경상북도,김천시,신음동,\N,4715057500,대신동,471504718582,신양4길
S0110234,돈까스/일식,4715010800,경상북도,김천시,신음동,\N,4715057500,대신동,471504718582,신양4길
S0110235,돈까스/일식,4715010800,경상북도,김천시,신음동,\N,4715057500,대신동,471504718582,신양4길
S0110236,돈까스/일식,4715010800,경상북도,김천시,신음동,\N,4715057500,대신동,471504718582,신양4길
S0110237,돈까스/일식,4715010800,경상북도,김천시,신음동,\N,4715057500,대신동,471504718582,신양4길
S0110238,찜탕,4125010800,경기도,동두천시,안흥동,\N,4125058000,소요동,412503189016,신천로
S0110239,치킨,4125010200,경기도,동두천시,지행동,\N,4125056500,불현동,412504367201,평화로2313번길
S0110240,돈까스/일식,4125010200,경기도,동두천시,지행동,\N,4125056600,송내동,412503189026,지행로
S0110241,카페/디저트,4128112300,경기도,고양시 덕양구,화정동,\N,4128162100,화정1동,412814376369,화중로130번길
S0110243,돈까스/일식,4715010800,경상북도,김천시,신음동,\N,4715057500,대신동,471503306048,시청로
S0110246,야식,4122025330,경기도,평택시,안중읍,현화리,4122025300,안중읍,412204364471,안현로서9길
S0110248,심부름,4115010900,경기도,의정부시,금오동,\N,4115058000,자금동,411503000136,호국로
S0110249,야식,4115010900,경기도,의정부시,금오동,\N,4115058000,자금동,411504343342,청사로47번길
S0110250,야식,4115010900,경기도,의정부시,금오동,\N,4115058000,자금동,411504343342,청사로47번길
S0110251,돈까스/일식,4115010700,경기도,의정부시,낙양동,\N,4115057800,송산3동,411503181035,용민로
S0110252,돈까스/일식,4115010700,경기도,의정부시,낙양동,\N,4115057800,송산3동,411503181035,용민로
S0110253,돈까스/일식,4115010700,경기도,의정부시,낙양동,\N,4115057800,송산3동,411503181035,용민로
S0110258,돈까스/일식,4125010200,경기도,동두천시,지행동,\N,4125056600,송내동,412503189031,중앙로
S0110259,분식,4121010200,경기도,광명시,철산동,\N,4121061000,철산3동,412104361284,철산로30번길
S0110260,돈까스/일식,4125010200,경기도,동두천시,지행동,\N,4125056600,송내동,412503189005,동두천로
S0110261,중식,4115010900,경기도,의정부시,금오동,\N,4115058000,자금동,411504343342,청사로47번길
S0110262,중식,4115010900,경기도,의정부시,금오동,\N,4115058000,자금동,411504343342,청사로47번길
S0110263,중식,4115010900,경기도,의정부시,금오동,\N,4115058000,자금동,411504343342,청사로47번길
S0110266,한식,4121010200,경기도,광명시,철산동,\N,4121061000,철산3동,412104361131,디지털로33번길
S0110267,카페/디저트,4115011300,경기도,의정부시,산곡동,\N,4115057300,송산1동,\N,\N
S0110268,중식,4122025330,경기도,평택시,안중읍,현화리,4122025300,안중읍,412204364471,안현로서9길
S0110269,중식,4122025330,경기도,평택시,안중읍,현화리,4122025300,안중읍,412204364471,안현로서9길
S0110270,중식,4122025330,경기도,평택시,안중읍,현화리,4122025300,안중읍,412204364471,안현로서9길
S0110273,패스트푸드,4163033021,경기도,양주시,광적면,가납리,4163033000,광적면,416304436003,가래비12길
S0110274,돈까스/일식,4119010700,경기도,부천시,역곡동,\N,4119060600,부천동,411904352374,역곡로26번길
S0110275,돈까스/일식,4125010100,경기도,동두천시,송내동,\N,4125056600,송내동,412503189031,중앙로
S0110276,돈까스/일식,4139010200,경기도,시흥시,신천동,\N,4139052000,신천동,413904397430,신천천동로25번길
S0110278,치킨,4115010400,경기도,의정부시,신곡동,\N,4115056700,신곡1동,411503000001,동일로
S0110279,분식,4115011200,경기도,의정부시,고산동,\N,4115057300,송산1동,\N,\N
S0110284,패스트푸드,4115010500,경기도,의정부시,용현동,\N,4115057300,송산1동,411503181050,충의로
S0110292,분식,1156010100,서울특별시,영등포구,영등포동,\N,1156051500,영등포본동,115604154761,영신로19길
S0110294,야식,2644010400,부산광역시,강서구,명지동,\N,2644054500,명지2동,264403136071,명지오션시티12로
S0110295,야식,2644010400,부산광역시,강서구,명지동,\N,2644054500,명지2동,264403136071,명지오션시티12로
S0110296,야식,2644010400,부산광역시,강서구,명지동,\N,2644054500,명지2동,264403136071,명지오션시티12로
S0110297,카페/디저트,4115010600,경기도,의정부시,민락동,\N,4115057600,송산2동,411503181035,용민로
S0110298,카페/디저트,4115010600,경기도,의정부시,민락동,\N,4115057600,송산2동,411503181035,용민로
S0110299,카페/디저트,4115010600,경기도,의정부시,민락동,\N,4115057600,송산2동,411503181035,용민로
S0110302,치킨,4421031021,충청남도,서산시,인지면,둔당리,4421031000,인지면,442103254051,무학로
S0110303,피자,4115010100,경기도,의정부시,의정부동,\N,4115052000,의정부2동,411504343227,시민로53번길
S0110304,피자,4115010100,경기도,의정부시,의정부동,\N,4115052000,의정부2동,411504343227,시민로53번길
S0110305,피자,4115010100,경기도,의정부시,의정부동,\N,4115052000,의정부2동,411504343227,시민로53번길
S0110316,돈까스/일식,4115010400,경기도,의정부시,신곡동,\N,4115056800,신곡2동,411503181049,추동로
S0110317,돈까스/일식,4115010400,경기도,의정부시,신곡동,\N,4115056800,신곡2동,411503181049,추동로
S0110318,돈까스/일식,4115010400,경기도,의정부시,신곡동,\N,4115056800,신곡2동,411503181049,추동로
S0110319,카페/디저트,1154510200,서울특별시,금천구,독산동,\N,1154561000,독산1동,115452005010,시흥대로
S0110324,회,4125010300,경기도,동두천시,생연동,\N,4125056500,불현동,412503012028,삼육사로
S0110331,돈까스/일식,4119010700,경기도,부천시,역곡동,\N,4119060600,부천동,411904352374,역곡로26번길
S0110332,치킨,3011010900,대전광역시,동구,용운동,\N,3011056000,용운동,301103164022,용운로
S0110334,찜탕,4122025321,경기도,평택시,안중읍,안중리,4122025300,안중읍,412203188135,안현로
S0110337,한식,4115010200,경기도,의정부시,호원동,\N,4115055500,호원2동,411503215066,평화로
S0110338,한식,4115010200,경기도,의정부시,호원동,\N,4115055500,호원2동,411503215066,평화로
S0110339,한식,4115010200,경기도,의정부시,호원동,\N,4115055500,호원2동,411503215066,평화로
S0110340,한식,4115010200,경기도,의정부시,호원동,\N,4115055500,호원2동,411503215066,평화로
S0110341,돈까스/일식,4715010300,경상북도,김천시,모암동,\N,4715051600,자산동,471503306030,자산로
S0110342,돈까스/일식,4715010300,경상북도,김천시,모암동,\N,4715051600,자산동,471503306030,자산로
S0110343,찜탕,4115010100,경기도,의정부시,의정부동,\N,4115052000,의정부2동,411504343253,신흥로232번길
S0110344,돈까스/일식,4119011500,경기도,부천시,옥길동,\N,4119079500,범안동,411903000027,범안로
S0110345,찜탕,4119011500,경기도,부천시,옥길동,\N,4119079500,범안동,411903185018,부광로
S0110347,한식,4115011000,경기도,의정부시,가능동,\N,4115059500,가능동,411503181008,녹양로
S0110349,찜탕,4115010600,경기도,의정부시,민락동,\N,4115057600,송산2동,411503181035,용민로
S0110350,찜탕,4115010600,경기도,의정부시,민락동,\N,4115057600,송산2동,411503181035,용민로
S0110352,한식,4715010800,경상북도,김천시,신음동,\N,4715057500,대신동,471503306048,시청로
S0110357,패스트푸드,4115010600,경기도,의정부시,민락동,\N,4115057800,송산3동,411504343539,오목로205번길
S0110358,패스트푸드,4115010600,경기도,의정부시,민락동,\N,4115057800,송산3동,411504343539,오목로205번길
S0110359,패스트푸드,4115010600,경기도,의정부시,민락동,\N,4115057800,송산3동,411504343539,오목로205번길
S0110360,패스트푸드,4115010600,경기도,의정부시,민락동,\N,4115057800,송산3동,411504343539,오목로205번길
S0110363,카페/디저트,4115010600,경기도,의정부시,민락동,\N,4115057800,송산3동,\N,\N
S0110364,카페/디저트,4115010600,경기도,의정부시,민락동,\N,4115057800,송산3동,\N,\N
S0110365,카페/디저트,4115010600,경기도,의정부시,민락동,\N,4115057800,송산3동,\N,\N
S0110366,분식,4115010100,경기도,의정부시,의정부동,\N,4115052000,의정부2동,411503181010,둔야로
S0110371,한식,4115010500,경기도,의정부시,용현동,\N,4115057300,송산1동,411503181060,시민로
S0110374,돈까스/일식,4119011000,경기도,부천시,소사본동,\N,4119075000,소사본동,411904355171,소사로102번길
S0110375,치킨,4115010900,경기도,의정부시,금오동,\N,4115058000,자금동,411503181007,금오로
S0110377,야식,4715010500,경상북도,김천시,평화동,\N,4715053600,평화남산동,471504718872,평화5길
S0110384,도시락,4115011000,경기도,의정부시,가능동,\N,4115061500,흥선동,411504343441,호국로1111번길
S0110387,족발/보쌈,4115010600,경기도,의정부시,민락동,\N,4115057600,송산2동,411504343289,용현로105번길
S0110394,한식,4723010500,경상북도,영천시,문외동,\N,4723052000,중앙동,472304730295,삼산길
S0110396,회,4817012000,경상남도,진주시,하대동,\N,4817067800,하대동,481703332023,모덕로
S0110397,회,4817012000,경상남도,진주시,하대동,\N,4817067800,하대동,481703332023,모덕로
S0110402,분식,4125010300,경기도,동두천시,생연동,\N,4125053500,중앙동,412503189004,동광로
S0110403,분식,4125010300,경기도,동두천시,생연동,\N,4125053500,중앙동,412503189004,동광로
S0110405,돈까스/일식,4150010200,경기도,이천시,관고동,\N,4150053000,관고동,415004421527,영창로153번길
S0110410,치킨,4115010200,경기도,의정부시,호원동,\N,4115054500,호원1동,411504343391,평화로202번길
S0110412,카페/디저트,4115010600,경기도,의정부시,민락동,\N,4115057800,송산3동,411503181035,용민로
S0110414,치킨,4139010100,경기도,시흥시,대야동,\N,4139051000,대야동,413904854200,은계로338번길
S0110416,중식,4115011100,경기도,의정부시,녹양동,\N,4115062000,녹양동,411503181045,진등로
S0110418,중식,4315011200,충청북도,제천시,신월동,\N,4315056000,용두동,431503239080,대학로
S0110419,한식,4128110600,경기도,고양시 덕양구,성사동,\N,4128154000,성사1동,412813000136,호국로
S0110420,피자,4817013100,경상남도,진주시,가좌동,\N,4817074000,가호동,481703332004,개양로
S0110423,중식,4121010200,경기도,광명시,철산동,\N,4121061000,철산3동,412104361284,철산로30번길
S0110424,찜탕,4715010500,경상북도,김천시,평화동,\N,4715053600,평화남산동,471503306005,김천로
S0110438,돈까스/일식,4125010200,경기도,동두천시,지행동,\N,4125056600,송내동,412503189012,생연로
S0110440,카페/디저트,1154510100,서울특별시,금천구,가산동,\N,1154551000,가산동,115453117003,가산로
S0110441,돈까스/일식,1154510100,서울특별시,금천구,가산동,\N,1154551000,가산동,115453117001,가산디지털1로
S0110442,돈까스/일식,1154510100,서울특별시,금천구,가산동,\N,1154551000,가산동,115453117001,가산디지털1로
S0110443,돈까스/일식,1154510100,서울특별시,금천구,가산동,\N,1154551000,가산동,115453117001,가산디지털1로
S0110444,카페/디저트,4115010600,경기도,의정부시,민락동,\N,4115057800,송산3동,411503181033,오목로
S0110445,한식,4122025330,경기도,평택시,안중읍,현화리,4122025300,안중읍,412203188135,안현로
S0110446,한식,4122025330,경기도,평택시,안중읍,현화리,4122025300,안중읍,412203188135,안현로
S0110451,돈까스/일식,4715010800,경상북도,김천시,신음동,\N,4715057500,대신동,471503306048,시청로
S0110452,돈까스/일식,4715010800,경상북도,김천시,신음동,\N,4715057500,대신동,471503306048,시청로
S0110453,분식,4115010100,경기도,의정부시,의정부동,\N,4115052000,의정부2동,411504343114,둔야로17번길
S0110454,분식,4115010100,경기도,의정부시,의정부동,\N,4115052000,의정부2동,411504343114,둔야로17번길
S0110455,분식,4115010100,경기도,의정부시,의정부동,\N,4115052000,의정부2동,411504343114,둔야로17번길
S0110458,돈까스/일식,4125010200,경기도,동두천시,지행동,\N,4125056500,불현동,412503189026,지행로
S0110460,족발/보쌈,4115010400,경기도,의정부시,신곡동,\N,4115056800,신곡2동,\N,\N
S0110461,족발/보쌈,4115010400,경기도,의정부시,신곡동,\N,4115056800,신곡2동,\N,\N
S0110462,족발/보쌈,4115010400,경기도,의정부시,신곡동,\N,4115056800,신곡2동,\N,\N
S0110466,분식,4121010100,경기도,광명시,광명동,\N,4121054000,광명3동,412103000022,오리로
S0110467,돈까스/일식,4115010600,경기도,의정부시,민락동,\N,4115057800,송산3동,411504343540,오목로225번길
S0110468,족발/보쌈,4139010100,경기도,시흥시,대야동,\N,4139051000,대야동,413904397674,호현로85번길
S0110472,심부름,1132010600,서울특별시,도봉구,방학동,\N,1132069000,방학1동,113203005048,방학로
S0110475,카페/디저트,4115010600,경기도,의정부시,민락동,\N,4115057600,송산2동,411503181035,용민로
S0110476,심부름,4115010100,경기도,의정부시,의정부동,\N,4115051000,의정부1동,411503181060,시민로
S0110479,카페/디저트,4115010300,경기도,의정부시,장암동,\N,4115056100,장암동,411503181039,장곡로
S0110481,한식,4115010300,경기도,의정부시,장암동,\N,4115056100,장암동,411503181024,서계로
S0110484,심부름,4115010100,경기도,의정부시,의정부동,\N,4115051000,의정부1동,411503181060,시민로
S0110485,심부름,4115010100,경기도,의정부시,의정부동,\N,4115052000,의정부2동,411503181029,신흥로
S0110489,카페/디저트,4115010300,경기도,의정부시,장암동,\N,4115056100,장암동,411503181039,장곡로
S0110492,심부름,4115010100,경기도,의정부시,의정부동,\N,4115051000,의정부1동,411504343196,시민로121번길
S0110493,카페/디저트,4115010100,경기도,의정부시,의정부동,\N,4115051000,의정부1동,411504343382,태평로73번길
S0110494,카페/디저트,4115010600,경기도,의정부시,민락동,\N,4115057600,송산2동,411504343289,용현로105번길
S0110495,카페/디저트,4115010600,경기도,의정부시,민락동,\N,4115057600,송산2동,411503181046,천보로
S0110496,중식,4115010100,경기도,의정부시,의정부동,\N,4115052000,의정부2동,411504343144,범골로145번길
S0110498,분식,4115010400,경기도,의정부시,신곡동,\N,4115056800,신곡2동,411503181049,추동로
S0110499,카페/디저트,4115010600,경기도,의정부시,민락동,\N,4115057600,송산2동,411503181036,용현로
S0110505,도시락,4115011100,경기도,의정부시,녹양동,\N,4115062000,녹양동,411504343083,녹양로62번길
S0110508,중식,4115010100,경기도,의정부시,의정부동,\N,4115051000,의정부1동,411503215066,평화로
S0110509,심부름,4115010100,경기도,의정부시,의정부동,\N,4115051000,의정부1동,411503181052,행복로
S0110515,심부름,4115010900,경기도,의정부시,금오동,\N,4115058000,자금동,411503000136,호국로
S0110528,심부름,1135010500,서울특별시,노원구,상계동,\N,1135063000,상계1동,113503000001,동일로
S0110529,심부름,4115010200,경기도,의정부시,호원동,\N,4115055500,호원2동,411503215066,평화로
S0110533,심부름,4115010400,경기도,의정부시,신곡동,\N,4115056800,신곡2동,411503181006,금신로
S0110535,카페/디저트,4115010600,경기도,의정부시,민락동,\N,4115057800,송산3동,411503181013,민락로
S0110536,심부름,4115010200,경기도,의정부시,호원동,\N,4115055500,호원2동,411503215066,평화로
S0110541,카페/디저트,4115010600,경기도,의정부시,민락동,\N,4115057600,송산2동,411503181033,오목로
S0110542,카페/디저트,4115010300,경기도,의정부시,장암동,\N,4115056100,장암동,411503181039,장곡로
S0110545,심부름,4115010900,경기도,의정부시,금오동,\N,4115058000,자금동,411503000136,호국로
S0110549,심부름,4115010400,경기도,의정부시,신곡동,\N,4115056800,신곡2동,411503181006,금신로
S0110550,카페/디저트,4115010600,경기도,의정부시,민락동,\N,4115057800,송산3동,411503181035,용민로
S0110553,심부름,4115010900,경기도,의정부시,금오동,\N,4115058000,자금동,411503000136,호국로
S0110554,심부름,4115010100,경기도,의정부시,의정부동,\N,4115051000,의정부1동,411503215066,평화로
S0110557,심부름,4115010900,경기도,의정부시,금오동,\N,4115058000,자금동,411503000136,호국로
S0110559,심부름,4115010100,경기도,의정부시,의정부동,\N,4115051000,의정부1동,411504343196,시민로121번길
S0110561,카페/디저트,4115010300,경기도,의정부시,장암동,\N,4115056100,장암동,411503181039,장곡로
S0110563,카페/디저트,4115010900,경기도,의정부시,금오동,\N,4115058000,자금동,411503181047,청사로
S0110564,심부름,4115010100,경기도,의정부시,의정부동,\N,4115051000,의정부1동,411503181060,시민로
S0110566,심부름,4115010100,경기도,의정부시,의정부동,\N,4115051000,의정부1동,411504343463,호국로1331번길
S0110568,카페/디저트,4115010100,경기도,의정부시,의정부동,\N,4115051000,의정부1동,411504343200,시민로143번길
S0110571,카페/디저트,4115010600,경기도,의정부시,민락동,\N,4115057600,송산2동,411504343289,용현로105번길
S0110572,카페/디저트,4115010600,경기도,의정부시,민락동,\N,4115057600,송산2동,411503181046,천보로
S0110576,심부름,4115010100,경기도,의정부시,의정부동,\N,4115051000,의정부1동,411503181052,행복로
S0110577,심부름,4115010100,경기도,의정부시,의정부동,\N,4115052000,의정부2동,411503181029,신흥로
S0110580,돈까스/일식,4165010100,경기도,포천시,신읍동,\N,4165051000,포천동,\N,\N
S0110584,아시안/양식,4115010300,경기도,의정부시,장암동,\N,4115056100,장암동,411503000001,동일로
S0110585,분식,4115010200,경기도,의정부시,호원동,\N,4115054500,호원1동,411503215066,평화로
S0110589,심부름,4115010900,경기도,의정부시,금오동,\N,4115058000,자금동,411503000136,호국로
S0110591,심부름,4115010900,경기도,의정부시,금오동,\N,4115058000,자금동,411504343342,청사로47번길
S0110592,돈까스/일식,1150010600,서울특별시,강서구,내발산동,\N,1150061500,우장산동,115003115001,강서로
S0110594,야식,4125010200,경기도,동두천시,지행동,\N,4125056600,송내동,412503189031,중앙로
S0110596,돈까스/일식,4421010900,충청남도,서산시,예천동,\N,4421055000,석남동,442103254204,호수공원5로
S0110597,족발/보쌈,4115010600,경기도,의정부시,민락동,\N,4115057600,송산2동,411504343295,용현로160번길
S0110599,족발/보쌈,4115011000,경기도,의정부시,가능동,\N,4115059500,가능동,411504343265,신흥로354번길
S0110600,카페/디저트,4115010600,경기도,의정부시,민락동,\N,4115057600,송산2동,411503181036,용현로
S0110601,카페/디저트,4115010600,경기도,의정부시,민락동,\N,4115057600,송산2동,411503181036,용현로
S0110602,카페/디저트,4115010600,경기도,의정부시,민락동,\N,4115057600,송산2동,411503181036,용현로
S0110603,카페/디저트,4115010600,경기도,의정부시,민락동,\N,4115057600,송산2동,411504343281,오목로91번길
S0110604,피자,4115010900,경기도,의정부시,금오동,\N,4115058000,자금동,411503181019,부용로
S0110608,치킨,4421010200,충청남도,서산시,동문동,\N,4421053500,동문2동,442103254132,율지8로
S0110611,피자,4121010200,경기도,광명시,철산동,\N,4121061000,철산3동,412103187004,광덕산로
S0110612,돈까스/일식,4119010700,경기도,부천시,역곡동,\N,4119060600,부천동,411904352374,역곡로26번길
S0110613,카페/디저트,4115010600,경기도,의정부시,민락동,\N,4115057800,송산3동,\N,\N
S0110614,카페/디저트,4115010600,경기도,의정부시,민락동,\N,4115057800,송산3동,\N,\N
S0110615,카페/디저트,4115010600,경기도,의정부시,민락동,\N,4115057800,송산3동,\N,\N
S0110616,카페/디저트,4115010600,경기도,의정부시,민락동,\N,4115057800,송산3동,\N,\N
