S0000866,한식,4113310100,경기도,성남시 중원구,성남동,\N,4113351000,성남동,411334337118,둔촌대로101번길
S0003386,한식,4127110400,경기도,안산시 상록구,본오동,\N,4127154000,본오1동,412713190041,선암로
S0019224,카페/디저트,1165010800,서울특별시,서초구,서초동,\N,1165053100,서초4동,116503121024,서초중앙로
S0019226,한식,1165010800,서울특별시,서초구,서초동,\N,1165051000,서초1동,116504163418,서초대로54길
S0019237,카페/디저트,1165010800,서울특별시,서초구,서초동,\N,1165052000,서초2동,116503121021,효령로
S0019323,한식,4119010400,경기도,부천시,도당동,\N,4119060600,부천동,411904352042,도약로282번길
S0019325,심부름,4119010300,경기도,부천시,춘의동,\N,4119060600,부천동,411903184013,옥산로
S0019326,심부름,4119010300,경기도,부천시,춘의동,\N,4119060600,부천동,411903184013,옥산로
S0019327,심부름,4119010300,경기도,부천시,춘의동,\N,4119060600,부천동,411903184013,옥산로
S0019346,한식,4315011000,충청북도,제천시,영천동,\N,4315054700,영서동,431504844167,청풍호로9길
S0019348,분식,4315011000,충청북도,제천시,영천동,\N,4315054700,영서동,431503239070,청풍호로
S0019490,중식,4119011300,경기도,부천시,괴안동,\N,4119079500,범안동,411904355122,부광로8번길
S0019491,중식,4119011300,경기도,부천시,괴안동,\N,4119079500,범안동,411904355122,부광로8번길
S0019566,분식,4817010900,경상남도,진주시,대안동,\N,4817056500,중앙동,481704797503,촉석로186번길
S0019623,한식,1154510200,서울특별시,금천구,독산동,\N,1154563000,독산3동,115454151283,시흥대로152길
S0019733,카페/디저트,4139012600,경기도,시흥시,목감동,\N,4139057000,목감동,413904853498,남왕길
S0019764,야식,4139012600,경기도,시흥시,목감동,\N,4139057000,목감동,413903199020,목감우회로
S0019878,한식,4817011300,경상남도,진주시,봉곡동,\N,4817055500,성북동,481702332003,진주대로
S0019984,아시안/양식,2823710100,인천광역시,부평구,부평동,\N,2823755000,부평5동,282374262413,부평문화로80번길
S0020099,찜탕,4817011900,경상남도,진주시,상대동,\N,4817067300,상대동,481703332026,상대로
S0020115,아시안/양식,4817011900,경상남도,진주시,상대동,\N,4817067300,상대동,481704796486,동진로216번길
S0020116,아시안/양식,4817011900,경상남도,진주시,상대동,\N,4817067300,상대동,481704796486,동진로216번길
S0020120,찜탕,4817011900,경상남도,진주시,상대동,\N,4817067300,상대동,481703332017,도동천로
S0020145,카페/디저트,4119010900,경기도,부천시,상동,\N,4119061000,중동,411904352270,석천로30번길
S0020270,심부름,4119011000,경기도,부천시,소사본동,\N,4119075000,소사본동,411904355186,소사로170번길
S0020305,찜탕,4119011400,경기도,부천시,송내동,\N,4119074600,대산동,411904355070,경인로60번길
S0020308,패스트푸드,4119011400,경기도,부천시,송내동,\N,4119074600,대산동,411904355210,송내대로42번길
S0020326,분식,1154510300,서울특별시,금천구,시흥동,\N,1154570000,시흥4동,115454151090,독산로36길
S0020404,돈까스/일식,4817012500,경상남도,진주시,신안동,\N,4817071000,평거동,481704796752,석갑로141번길
S0020481,분식,4139010200,경기도,시흥시,신천동,\N,4139052000,신천동,413903199069,신천로
S0020502,야식,4139010600,경기도,시흥시,은행동,\N,4139054000,은행동,413903351838,은계남로
S0020539,한식,4119010200,경기도,부천시,심곡동,\N,4119060300,심곡동,411903184014,장말로
S0020540,한식,4119010200,경기도,부천시,심곡동,\N,4119060300,심곡동,411903184014,장말로
S0020549,야식,4119010200,경기도,부천시,심곡동,\N,4119060300,심곡동,411903184014,장말로
S0020564,한식,4119010200,경기도,부천시,심곡동,\N,4119060300,심곡동,411903184014,장말로
S0020565,한식,4119010200,경기도,부천시,심곡동,\N,4119060300,심곡동,411903184010,심중로
S0020709,찜탕,4119010700,경기도,부천시,역곡동,\N,4119060600,부천동,411904352368,역곡로13번길
S0020836,한식,4315011600,충청북도,제천시,장락동,\N,4315051000,교동,431503239067,죽하로
S0021167,아시안/양식,4121010200,경기도,광명시,철산동,\N,4121061000,철산3동,412103187055,철산로
S0021168,아시안/양식,4121010200,경기도,광명시,철산동,\N,4121061000,철산3동,412103187055,철산로
S0021169,아시안/양식,4121010200,경기도,광명시,철산동,\N,4121061000,철산3동,412103187055,철산로
S0021288,찜탕,4315011600,충청북도,제천시,장락동,\N,4315051000,교동,431502239003,청전대로
S0021319,한식,4315011300,충청북도,제천시,청전동,\N,4315059000,청전동,431504517118,내제로29가길
S0021328,한식,4315011300,충청북도,제천시,청전동,\N,4315059000,청전동,431504517778,의림대로33길
S0021353,아시안/양식,4817012200,경상남도,진주시,초전동,\N,4817069500,초장동,481704838077,초전북로39번길
S0021468,야식,4817012600,경상남도,진주시,평거동,\N,4817071000,평거동,481704796866,신평공원길39번길
S0021483,아시안/양식,4817012600,경상남도,진주시,평거동,\N,4817071000,평거동,481704838066,남강로309번길
S0021488,한식,4817012600,경상남도,진주시,평거동,\N,4817071000,평거동,481704797581,평거로5번길
S0021502,아시안/양식,4817010300,경상남도,진주시,강남동,\N,4817051500,천전동,481702332003,진주대로
S0021503,아시안/양식,4817012200,경상남도,진주시,초전동,\N,4817069500,초장동,481703350120,초북로
S0021504,아시안/양식,4817010400,경상남도,진주시,칠암동,\N,4817051500,천전동,481704796063,강남로95번길
S0021544,패스트푸드,4315011100,충청북도,제천시,하소동,\N,4315056000,용두동,431503239075,하소로
S0021588,한식,4887025022,경상남도,함양군,함양읍,용평리,4887025000,함양읍,488704838328,용평4길
S0021593,패스트푸드,4887025024,경상남도,함양군,함양읍,교산리,4887025000,함양읍,488704838452,필봉산길
S0021602,회,4887025024,경상남도,함양군,함양읍,교산리,4887025000,함양읍,488704838043,교산4길
S0021925,한식,4121010600,경기도,광명시,일직동,\N,4121065000,소하2동,412103182031,일직로
S0022056,한식,4121010300,경기도,광명시,하안동,\N,4121063300,하안3동,412103000027,범안로
S0022158,한식,1154510200,서울특별시,금천구,독산동,\N,1154563000,독산3동,115454151283,시흥대로152길
S0022184,찜탕,4121010400,경기도,광명시,소하동,\N,4121065000,소하2동,412103000025,기아로
S0022193,한식,4121010400,경기도,광명시,소하동,\N,4121065000,소하2동,412103000025,기아로
S0022207,찜탕,4121010400,경기도,광명시,소하동,\N,4121065000,소하2동,412104361312,기아로62번길
S0022294,한식,1162010200,서울특별시,관악구,신림동,\N,1162066500,서림동,116204160456,서림길
S0022326,찜탕,1162010200,서울특별시,관악구,신림동,\N,1162074500,삼성동,116203000029,호암로
S0022334,한식,1162010200,서울특별시,관악구,신림동,\N,1162073500,대학동,116204160767,호암로24길
S0022335,찜탕,1159010900,서울특별시,동작구,신대방동,\N,1159068000,신대방2동,115904157219,보라매로5가길
S0022350,한식,1159010900,서울특별시,동작구,신대방동,\N,1159068000,신대방2동,115904157551,여의대방로24길
S0022360,야식,1162010200,서울특별시,관악구,신림동,\N,1162069500,신림동,116203005083,봉천로
S0022366,한식,1154510100,서울특별시,금천구,가산동,\N,1154551000,가산동,115452000003,남부순환로
S0022559,한식,4115011000,경기도,의정부시,가능동,\N,4115059500,가능동,411503181002,가능로
S0022560,한식,4115011000,경기도,의정부시,가능동,\N,4115059500,가능동,411503181002,가능로
S0022632,야식,4115011000,경기도,의정부시,가능동,\N,4115059500,가능동,411503181029,신흥로
S0022885,분식,1168010100,서울특별시,강남구,역삼동,\N,1168064000,역삼1동,116804166649,역삼로4길
S0022946,아시안/양식,4159014000,경기도,화성시,새솔동,\N,4159051500,새솔동,\N,\N
S0023144,야식,4421010100,충청남도,서산시,읍내동,\N,4421051000,부춘동,442103254135,읍내1로
S0023289,도시락,1130510100,서울특별시,강북구,미아동,\N,1130553400,삼양동,113053005042,솔샘로
S0023290,도시락,1130510100,서울특별시,강북구,미아동,\N,1130553500,미아동,113054124341,솔매로49길
S0023308,한식,2644010400,부산광역시,강서구,명지동,\N,2644053500,명지1동,264404853419,명지국제12로11번길
S0023786,한식,4115010400,경기도,의정부시,신곡동,\N,4115056800,신곡2동,411503181019,부용로
S0024335,아시안/양식,4513014400,전라북도,군산시,나운동,\N,4513070200,나운2동,451304604524,서수송안1길
S0024336,아시안/양식,4513014400,전라북도,군산시,나운동,\N,4513070200,나운2동,451304604524,서수송안1길
S0024337,아시안/양식,4513014400,전라북도,군산시,나운동,\N,4513070200,나운2동,451304604524,서수송안1길
S0024338,아시안/양식,4513014400,전라북도,군산시,나운동,\N,4513070200,나운2동,451304604524,서수송안1길
S0024537,도시락,4513014400,전라북도,군산시,나운동,\N,4513070200,나운2동,451303268038,백토로
S0024538,도시락,4513014400,전라북도,군산시,나운동,\N,4513070200,나운2동,451303268038,백토로
S0024539,도시락,4513014400,전라북도,군산시,나운동,\N,4513070200,나운2동,451303268038,백토로
S0024540,도시락,4513014400,전라북도,군산시,나운동,\N,4513070200,나운2동,451303268038,백토로
S0024690,야식,4513014400,전라북도,군산시,나운동,\N,4513070100,나운1동,451304604482,상신안길
S0024691,야식,4513014400,전라북도,군산시,나운동,\N,4513070100,나운1동,451304604482,상신안길
S0024692,야식,4513014400,전라북도,군산시,나운동,\N,4513070100,나운1동,451304604482,상신안길
S0024693,야식,4513014400,전라북도,군산시,나운동,\N,4513070100,나운1동,451304604482,상신안길
S0024694,야식,4513014400,전라북도,군산시,나운동,\N,4513070100,나운1동,451304604482,상신안길
S0024695,야식,4513014400,전라북도,군산시,나운동,\N,4513070100,나운1동,451304604482,상신안길
S0024696,야식,4513014400,전라북도,군산시,나운동,\N,4513070100,나운1동,451304604482,상신안길
S0024697,야식,4513014400,전라북도,군산시,나운동,\N,4513070100,나운1동,451304604482,상신안길
S0024698,야식,4513014400,전라북도,군산시,나운동,\N,4513070100,나운1동,451304604482,상신안길
S0025805,한식,4115011100,경기도,의정부시,녹양동,\N,4115062000,녹양동,411503181045,진등로
S0025806,한식,4115011100,경기도,의정부시,녹양동,\N,4115062000,녹양동,411503181045,진등로
S0025807,한식,4115011100,경기도,의정부시,녹양동,\N,4115062000,녹양동,411503181045,진등로
S0025808,한식,4115011100,경기도,의정부시,녹양동,\N,4115062000,녹양동,411503181045,진등로
S0025809,한식,4115011100,경기도,의정부시,녹양동,\N,4115062000,녹양동,411503181045,진등로
S0025810,한식,4115011100,경기도,의정부시,녹양동,\N,4115062000,녹양동,411503181045,진등로
S0025811,한식,4115011100,경기도,의정부시,녹양동,\N,4115062000,녹양동,411503181045,진등로
S0025828,심부름,4115011100,경기도,의정부시,녹양동,\N,4115062000,녹양동,411503181048,체육로
S0025829,심부름,4115011100,경기도,의정부시,녹양동,\N,4115062000,녹양동,411503181048,체육로
S0025831,심부름,4115011100,경기도,의정부시,녹양동,\N,4115062000,녹양동,411503181048,체육로
S0025834,심부름,4115011100,경기도,의정부시,녹양동,\N,4115062000,녹양동,411503181048,체육로
S0025837,심부름,4115011100,경기도,의정부시,녹양동,\N,4115062000,녹양동,411503181048,체육로
S0025895,야식,4728010300,경상북도,문경시,흥덕동,\N,4728059000,점촌3동,472804736424,신흥3길
S0025913,돈까스/일식,4127110400,경기도,안산시 상록구,본오동,\N,4127156000,본오3동,412714370135,본오공원길
S0025914,한식,4122025924,경기도,평택시,청북읍,옥길리,4122025900,청북읍,412204364458,안청로2길
S0025980,한식,4165025021,경기도,포천시,소흘읍,송우리,4165025000,소흘읍,416504439200,봉솔로4길
S0025982,찜탕,5013010100,제주특별자치도,서귀포시,서귀동,\N,5013053000,중앙동,501303350064,동문동로
S0025999,한식,4165010100,경기도,포천시,신읍동,\N,4165051000,포천동,416503213033,왕방로
S0026159,분식,4480025025,충청남도,홍성군,홍성읍,옥암리,4480025000,홍성읍,448004586436,조양로33번길
S0026160,분식,4146132030,경기도,용인시 처인구,남사면,아곡리,4146132000,남사면,414613351702,한숲로
S0026212,심부름,4128710500,경기도,고양시 일산서구,덕이동,\N,4128759000,송산동,412873194012,덕이로
S0026350,심부름,5013010100,제주특별자치도,서귀포시,서귀동,\N,5013052000,정방동,501303350269,태평로
S0026351,심부름,5013010100,제주특별자치도,서귀포시,서귀동,\N,5013052000,정방동,501303350269,태평로
S0026496,찜탕,4136025321,경기도,남양주시,진접읍,장현리,4136025300,진접읍,413604391606,장현로129번길
S0026553,한식,4125010300,경기도,동두천시,생연동,\N,4125053500,중앙동,412503189004,동광로
S0026554,한식,4125010300,경기도,동두천시,생연동,\N,4125053500,중앙동,412503189004,동광로
S0026557,한식,4125010300,경기도,동두천시,생연동,\N,4125053500,중앙동,412503189004,동광로
S0026604,찜탕,4180025321,경기도,연천군,전곡읍,전곡리,4180025300,전곡읍,418004445304,은전로86번길
S0026869,분식,1168010700,서울특별시,강남구,신사동,\N,1168054500,압구정동,116804166472,선릉로153길
S0026870,아시안/양식,5013010100,제주특별자치도,서귀포시,서귀동,\N,5013052000,정방동,501304850837,중정로62번길
S0026871,아시안/양식,5013010100,제주특별자치도,서귀포시,서귀동,\N,5013052000,정방동,501303350238,이중섭로
S0026872,아시안/양식,5013010100,제주특별자치도,서귀포시,서귀동,\N,5013052000,정방동,501304850837,중정로62번길
S0026967,돈까스/일식,2726011200,대구광역시,수성구,지산동,\N,2726065100,지산1동,272603146024,지범로
S0027111,한식,2823710100,인천광역시,부평구,부평동,\N,2823756000,부평6동,282373154011,동수로
S0027313,돈까스/일식,4728011000,경상북도,문경시,모전동,\N,4728061000,점촌5동,472804736200,매봉3길
S0027314,돈까스/일식,4728011000,경상북도,문경시,모전동,\N,4728061000,점촌5동,472804736200,매봉3길
S0027360,아시안/양식,5013010100,제주특별자치도,서귀포시,서귀동,\N,5013051000,송산동,501304850488,소암로12번길
S0027384,한식,4122025321,경기도,평택시,안중읍,안중리,4122025300,안중읍,412204364464,안현로서2길
S0027395,도시락,4513011000,전라북도,군산시,문화동,\N,4513055000,신풍동,451303268038,백토로
S0027429,한식,2823710100,인천광역시,부평구,부평동,\N,2823754000,부평4동,282373154007,길주남로
S0027465,심부름,4165025021,경기도,포천시,소흘읍,송우리,4165025000,소흘읍,416503213024,송우로
S0027512,돈까스/일식,4513014500,전라북도,군산시,미룡동,\N,4513070300,나운3동,451303268023,대학로
S0027513,돈까스/일식,4513014500,전라북도,군산시,미룡동,\N,4513070300,나운3동,451303268023,대학로
S0027514,돈까스/일식,4513014500,전라북도,군산시,미룡동,\N,4513070300,나운3동,451303268023,대학로
S0027515,돈까스/일식,4513014500,전라북도,군산시,미룡동,\N,4513070300,나운3동,451303268023,대학로
S0027516,돈까스/일식,4513014500,전라북도,군산시,미룡동,\N,4513070300,나운3동,451303268023,대학로
S0027517,돈까스/일식,4513014500,전라북도,군산시,미룡동,\N,4513070300,나운3동,451303268023,대학로
S0027518,돈까스/일식,4513014500,전라북도,군산시,미룡동,\N,4513070300,나운3동,451303268023,대학로
S0027519,돈까스/일식,4513014500,전라북도,군산시,미룡동,\N,4513070300,나운3동,451303268023,대학로
S0027520,돈까스/일식,4513014500,전라북도,군산시,미룡동,\N,4513070300,나운3동,451303268023,대학로
S0027521,돈까스/일식,4513014500,전라북도,군산시,미룡동,\N,4513070300,나운3동,451303268023,대학로
S0027577,족발/보쌈,1162010200,서울특별시,관악구,신림동,\N,1162068500,신사동,116202000003,남부순환로
S0027691,야식,4513014200,전라북도,군산시,미장동,\N,4513069000,수송동,451303350771,미장남로
S0027692,야식,4513014200,전라북도,군산시,미장동,\N,4513069000,수송동,451303350771,미장남로
S0027998,한식,4115010600,경기도,의정부시,민락동,\N,4115057600,송산2동,411504343536,송현로82번길
S0027999,찜탕,4115010600,경기도,의정부시,민락동,\N,4115057600,송산2동,411504343289,용현로105번길
S0028000,찜탕,4115010600,경기도,의정부시,민락동,\N,4115057600,송산2동,411504343289,용현로105번길
S0028214,찜탕,4115010600,경기도,의정부시,민락동,\N,4115057600,송산2동,411504343289,용현로105번길
S0028215,찜탕,4115010600,경기도,의정부시,민락동,\N,4115057600,송산2동,411504343289,용현로105번길
S0029956,돈까스/일식,4161011000,경기도,광주시,태전동,\N,4161053000,광남동,\N,\N
S0030475,야식,4513014100,전라북도,군산시,수송동,\N,4513069000,수송동,451304604243,동수송1길
S0030476,야식,4513014100,전라북도,군산시,수송동,\N,4513069000,수송동,451304604243,동수송1길
S0030477,야식,4513014100,전라북도,군산시,수송동,\N,4513069000,수송동,451304604243,동수송1길
S0030478,야식,4513014100,전라북도,군산시,수송동,\N,4513069000,수송동,451304604245,동수송3길
S0030479,야식,4513014100,전라북도,군산시,수송동,\N,4513069000,수송동,451304604243,동수송1길
S0030480,야식,4513014100,전라북도,군산시,수송동,\N,4513069000,수송동,451304604245,동수송3길
S0031174,한식,4513014100,전라북도,군산시,수송동,\N,4513069000,수송동,451304604248,동수송6길
S0031270,한식,4513014100,전라북도,군산시,수송동,\N,4513069000,수송동,451304604248,동수송6길
S0031271,한식,4513014100,전라북도,군산시,수송동,\N,4513069000,수송동,451304604248,동수송6길
S0031272,한식,4513014100,전라북도,군산시,수송동,\N,4513069000,수송동,451304604248,동수송6길
S0031371,한식,4513014100,전라북도,군산시,수송동,\N,4513069000,수송동,451304604996,진포2길
S0031372,한식,4513014100,전라북도,군산시,수송동,\N,4513069000,수송동,451304604996,진포2길
S0031376,한식,4513014100,전라북도,군산시,수송동,\N,4513069000,수송동,451303268062,수송동로
S0031380,한식,4513014100,전라북도,군산시,수송동,\N,4513069000,수송동,451304604996,진포2길
S0031683,카페/디저트,1159010200,서울특별시,동작구,상도동,\N,1159055000,상도3동,115904157029,국사봉길
S0032110,찜탕,2729010700,대구광역시,달서구,신당동,\N,2729058500,신당동,272904241345,성서서로73길
S0034949,찜탕,4420010100,충청남도,아산시,온천동,\N,4420057000,온양1동,442003253047,시민로
S0035013,한식,4165010400,경기도,포천시,선단동,\N,4165052000,선단동,416503000136,호국로
S0043298,찜탕,4119010200,경기도,부천시,심곡동,\N,4119060300,심곡동,411904352200,부천로9번길
S0043365,야식,4421010100,충청남도,서산시,읍내동,\N,4421051000,부춘동,442103254135,읍내1로
S0043392,심부름,4115010900,경기도,의정부시,금오동,\N,4115058000,자금동,411503000136,호국로
S0043516,심부름,4115011100,경기도,의정부시,녹양동,\N,4115062000,녹양동,411503181048,체육로
S0043517,심부름,4115011100,경기도,의정부시,녹양동,\N,4115062000,녹양동,411503181048,체육로
S0043567,한식,4125010300,경기도,동두천시,생연동,\N,4125053500,중앙동,412503189004,동광로
S0043595,심부름,4421010200,충청남도,서산시,동문동,\N,4421052500,동문1동,442103254072,서령로
S0043609,돈까스/일식,4513014500,전라북도,군산시,미룡동,\N,4513070300,나운3동,451303268023,대학로
S0043610,돈까스/일식,4513014500,전라북도,군산시,미룡동,\N,4513070300,나운3동,451303268023,대학로
S0043611,돈까스/일식,4513014500,전라북도,군산시,미룡동,\N,4513070300,나운3동,451303268023,대학로
S0043612,돈까스/일식,4513014500,전라북도,군산시,미룡동,\N,4513070300,나운3동,451303268023,대학로
S0043613,돈까스/일식,4513014500,전라북도,군산시,미룡동,\N,4513070300,나운3동,451303268023,대학로
S0043619,야식,4513014200,전라북도,군산시,미장동,\N,4513069000,수송동,451303350771,미장남로
S0043779,야식,4513014100,전라북도,군산시,수송동,\N,4513069000,수송동,451304604245,동수송3길
S0043780,야식,4513014100,전라북도,군산시,수송동,\N,4513069000,수송동,451304604245,동수송3길
S0043781,야식,4513014100,전라북도,군산시,수송동,\N,4513069000,수송동,451304604245,동수송3길
S0043782,야식,4513014100,전라북도,군산시,수송동,\N,4513069000,수송동,451304604245,동수송3길
S0044110,찜탕,4161011100,경기도,광주시,장지동,\N,4161053000,광남동,416103211033,순암로
S0044182,분식,4115010100,경기도,의정부시,의정부동,\N,4115052000,의정부2동,411503181017,범골로
S0044183,분식,4115010100,경기도,의정부시,의정부동,\N,4115052000,의정부2동,411503181017,범골로
S0044299,도시락,4513014300,전라북도,군산시,지곡동,\N,4513069000,수송동,451303268097,지곡로
S0044417,심부름,4115010900,경기도,의정부시,금오동,\N,4115058000,자금동,411503000136,호국로
S0044899,야식,4139010600,경기도,시흥시,은행동,\N,4139054000,은행동,413903351838,은계남로
S0044957,한식,2644010400,부산광역시,강서구,명지동,\N,2644053500,명지1동,264403350868,명지국제8로
S0044969,찜탕,4115010900,경기도,의정부시,금오동,\N,4115058000,자금동,411504343342,청사로47번길
S0044985,한식,4122010100,경기도,평택시,서정동,\N,4122052000,서정동,412204364742,지장로47번길
S0045019,야식,4513014400,전라북도,군산시,나운동,\N,4513070100,나운1동,451304604482,상신안길
S0045066,한식,4115011100,경기도,의정부시,녹양동,\N,4115062000,녹양동,411503181045,진등로
S0045103,심부름,4165025021,경기도,포천시,소흘읍,송우리,4165025000,소흘읍,416503213024,송우로
S0045106,돈까스/일식,4513014500,전라북도,군산시,미룡동,\N,4513070300,나운3동,451303268023,대학로
S0045107,야식,4513014500,전라북도,군산시,미룡동,\N,4513070300,나운3동,451303268023,대학로
S0045165,심부름,4115010900,경기도,의정부시,금오동,\N,4115058000,자금동,411503000136,호국로
S0045166,심부름,4115010900,경기도,의정부시,금오동,\N,4115058000,자금동,411503000136,호국로
S0045358,한식,4161011000,경기도,광주시,태전동,\N,4161053000,광남동,416103211040,태봉로
S0045429,찜탕,4421010200,충청남도,서산시,동문동,\N,4421052500,동문1동,442103254026,대사동5로
S0045490,심부름,4165025021,경기도,포천시,소흘읍,송우리,4165025000,소흘읍,416504439307,솔모루로3번길
S0045500,패스트푸드,4115010200,경기도,의정부시,호원동,\N,4115055500,호원2동,411503181017,범골로
S0045508,심부름,4115010900,경기도,의정부시,금오동,\N,4115058000,자금동,411503000136,호국로
S0045509,심부름,4115010900,경기도,의정부시,금오동,\N,4115058000,자금동,411503000136,호국로
S0045534,야식,4617025023,전라남도,나주시,남평읍,동사리,4617025000,남평읍,461704685313,강변1길
S0045686,야식,4119010100,경기도,부천시,원미동,\N,4119060300,심곡동,411904352199,부천로96번길
S0048062,패스트푸드,4315012100,충청북도,제천시,강제동,\N,4315060500,화산동,431504854038,청풍호로10안길
S0048063,패스트푸드,4315012100,충청북도,제천시,강제동,\N,4315060500,화산동,431504854038,청풍호로10안길
S0048064,분식,4315011000,충청북도,제천시,영천동,\N,4315054700,영서동,431503239070,청풍호로
S0048085,분식,4139012600,경기도,시흥시,목감동,\N,4139057000,목감동,413904853498,남왕길
S0048143,찜탕,4119010800,경기도,부천시,중동,\N,4119074200,신중동,411904352519,중동로248번길
S0048153,찜탕,4119010200,경기도,부천시,심곡동,\N,4119060300,심곡동,411904352200,부천로9번길
S0048190,찜탕,4817013200,경상남도,진주시,호탄동,\N,4817074000,가호동,481703332001,가호로
S0048211,회,1154510100,서울특별시,금천구,가산동,\N,1154551000,가산동,115452000003,남부순환로
S0048290,심부름,4513013500,전라북도,군산시,경장동,\N,4513065000,조촌동,451303268036,백릉로
S0048331,한식,4115010900,경기도,의정부시,금오동,\N,4115058000,자금동,411503181019,부용로
S0048332,한식,4115010900,경기도,의정부시,금오동,\N,4115058000,자금동,411503181019,부용로
S0048333,한식,4115010900,경기도,의정부시,금오동,\N,4115058000,자금동,411503181019,부용로
S0048334,한식,4115010900,경기도,의정부시,금오동,\N,4115058000,자금동,411503181019,부용로
S0048350,찜탕,4115010900,경기도,의정부시,금오동,\N,4115058000,자금동,411504343342,청사로47번길
S0048435,아시안/양식,4513014400,전라북도,군산시,나운동,\N,4513070200,나운2동,451304604524,서수송안1길
S0048436,아시안/양식,4513014400,전라북도,군산시,나운동,\N,4513070200,나운2동,451304604524,서수송안1길
S0048479,야식,4513014400,전라북도,군산시,나운동,\N,4513070100,나운1동,451304604482,상신안길
S0048642,찜탕,4421010100,충청남도,서산시,읍내동,\N,4421051000,부춘동,442103254201,호수공원2로
S0048764,돈까스/일식,4513014500,전라북도,군산시,미룡동,\N,4513070300,나운3동,451303268023,대학로
S0048833,찜탕,4115010600,경기도,의정부시,민락동,\N,4115057600,송산2동,411504343289,용현로105번길
S0048960,한식,4115010600,경기도,의정부시,민락동,\N,4115057800,송산3동,411504343540,오목로225번길
S0048961,한식,4115010600,경기도,의정부시,민락동,\N,4115057800,송산3동,411504343540,오목로225번길
S0049121,야식,4513014100,전라북도,군산시,수송동,\N,4513069000,수송동,451304604245,동수송3길
S0049184,야식,4513014100,전라북도,군산시,수송동,\N,4513069000,수송동,451304604244,동수송2길
S0049185,야식,4513014100,전라북도,군산시,수송동,\N,4513069000,수송동,451304604244,동수송2길
S0049186,야식,4513014100,전라북도,군산시,수송동,\N,4513069000,수송동,451304604244,동수송2길
S0049187,야식,4513014100,전라북도,군산시,수송동,\N,4513069000,수송동,451304604244,동수송2길
S0049188,야식,4513014100,전라북도,군산시,수송동,\N,4513069000,수송동,451304604244,동수송2길
S0049189,야식,4513014100,전라북도,군산시,수송동,\N,4513069000,수송동,451304604244,동수송2길
S0049227,한식,4513014100,전라북도,군산시,수송동,\N,4513069000,수송동,451304604248,동수송6길
S0049245,한식,4513014100,전라북도,군산시,수송동,\N,4513069000,수송동,451304604996,진포2길
S0049715,야식,4161011000,경기도,광주시,태전동,\N,4161053000,광남동,416103211002,고불로
S0049769,한식,4115010500,경기도,의정부시,용현동,\N,4115057300,송산1동,411504343357,충의로57번길
S0049770,한식,4115010500,경기도,의정부시,용현동,\N,4115057300,송산1동,411504343357,충의로57번길
S0049855,야식,4115010100,경기도,의정부시,의정부동,\N,4115051000,의정부1동,411504343382,태평로73번길
S0049858,아시안/양식,4115010100,경기도,의정부시,의정부동,\N,4115051000,의정부1동,411503181052,행복로
S0049919,분식,4115010100,경기도,의정부시,의정부동,\N,4115052000,의정부2동,411503181017,범골로
S0049920,분식,4115010100,경기도,의정부시,의정부동,\N,4115052000,의정부2동,411503181017,범골로
S0050189,도시락,4513014300,전라북도,군산시,지곡동,\N,4513069000,수송동,451303268097,지곡로
S0050190,도시락,4513014300,전라북도,군산시,지곡동,\N,4513069000,수송동,451303268097,지곡로
S0050191,도시락,4513014300,전라북도,군산시,지곡동,\N,4513069000,수송동,451303268097,지곡로
S0050349,심부름,4165025021,경기도,포천시,소흘읍,송우리,4165025000,소흘읍,416504439307,솔모루로3번길
S0050350,심부름,4165025021,경기도,포천시,소흘읍,송우리,4165025000,소흘읍,416504439307,솔모루로3번길
S0050407,카페/디저트,4115010200,경기도,의정부시,호원동,\N,4115055500,호원2동,411503181017,범골로
S0050420,찜탕,4623010600,전라남도,광양시,중동,\N,4623053000,중마동,462303285005,광장로
S0050445,심부름,4115010900,경기도,의정부시,금오동,\N,4115058000,자금동,411503000136,호국로
S0050446,심부름,4115010900,경기도,의정부시,금오동,\N,4115058000,자금동,411503000136,호국로
S0050447,심부름,4115010900,경기도,의정부시,금오동,\N,4115058000,자금동,411503000136,호국로
S0050721,패스트푸드,4315012100,충청북도,제천시,강제동,\N,4315060500,화산동,431504854038,청풍호로10안길
S0050751,찜탕,4315011600,충청북도,제천시,장락동,\N,4315051000,교동,431502239003,청전대로
S0052911,한식,4817031021,경상남도,진주시,내동면,독산리,4817031000,내동면,481703332022,망경로
S0052988,아시안/양식,4139010600,경기도,시흥시,은행동,\N,4139054000,은행동,413904397368,수인로3247번길
S0053018,야식,4817012000,경상남도,진주시,하대동,\N,4817067800,하대동,481704796389,도동로231번길
S0053176,한식,4313010500,충청북도,충주시,교현동,\N,4313054000,교현2동,431304514313,대현2길
S0053190,심부름,4513013500,전라북도,군산시,경장동,\N,4513065000,조촌동,451303268036,백릉로
S0053207,돈까스/일식,2644010400,부산광역시,강서구,명지동,\N,2644053500,명지1동,264403350857,명지국제5로
S0053263,한식,4115010400,경기도,의정부시,신곡동,\N,4115056800,신곡2동,411503181019,부용로
S0053264,한식,4115010400,경기도,의정부시,신곡동,\N,4115056800,신곡2동,411503181019,부용로
S0053265,한식,4115010400,경기도,의정부시,신곡동,\N,4115056800,신곡2동,411503181019,부용로
S0053266,한식,4115010400,경기도,의정부시,신곡동,\N,4115056800,신곡2동,411503181019,부용로
S0053267,한식,4115010400,경기도,의정부시,신곡동,\N,4115056800,신곡2동,411503181019,부용로
S0053268,한식,4115010400,경기도,의정부시,신곡동,\N,4115056800,신곡2동,411503181019,부용로
S0053269,한식,4115010400,경기도,의정부시,신곡동,\N,4115056800,신곡2동,411503181019,부용로
S0053278,한식,4115010900,경기도,의정부시,금오동,\N,4115058000,자금동,411503181019,부용로
S0053279,한식,4115010900,경기도,의정부시,금오동,\N,4115058000,자금동,411503181019,부용로
S0053280,한식,4115010900,경기도,의정부시,금오동,\N,4115058000,자금동,411503181019,부용로
S0053281,한식,4115010900,경기도,의정부시,금오동,\N,4115058000,자금동,411503181019,부용로
S0053282,한식,4115010400,경기도,의정부시,신곡동,\N,4115056800,신곡2동,411503181019,부용로
S0053345,찜탕,4115010900,경기도,의정부시,금오동,\N,4115058000,자금동,411504343342,청사로47번길
S0053475,아시안/양식,4513014400,전라북도,군산시,나운동,\N,4513070200,나운2동,451304604524,서수송안1길
S0053476,아시안/양식,4513014400,전라북도,군산시,나운동,\N,4513070200,나운2동,451304604524,서수송안1길
S0053477,아시안/양식,4513014400,전라북도,군산시,나운동,\N,4513070200,나운2동,451304604524,서수송안1길
S0053539,야식,4513014400,전라북도,군산시,나운동,\N,4513070100,나운1동,451304604482,상신안길
S0053540,야식,4513014400,전라북도,군산시,나운동,\N,4513070100,나운1동,451304604482,상신안길
S0053541,야식,4513014400,전라북도,군산시,나운동,\N,4513070100,나운1동,451303268007,공단대로
S0053542,야식,4513014400,전라북도,군산시,나운동,\N,4513070100,나운1동,451304604482,상신안길
S0053543,야식,4513014400,전라북도,군산시,나운동,\N,4513070100,나운1동,451304604482,상신안길
S0053570,회,4513014400,전라북도,군산시,나운동,\N,4513070200,나운2동,451304604524,서수송안1길
S0053571,회,4513014400,전라북도,군산시,나운동,\N,4513070200,나운2동,451304604524,서수송안1길
S0053572,회,4513014400,전라북도,군산시,나운동,\N,4513070200,나운2동,451304604524,서수송안1길
S0053573,회,4513014400,전라북도,군산시,나운동,\N,4513070200,나운2동,451304604524,서수송안1길
S0053641,한식,4513014400,전라북도,군산시,나운동,\N,4513070300,나운3동,451303268038,백토로
S0053741,한식,4115011100,경기도,의정부시,녹양동,\N,4115062000,녹양동,411503181045,진등로
S0053742,분식,4115011100,경기도,의정부시,녹양동,\N,4115062000,녹양동,411503181048,체육로
S0053743,분식,4115011100,경기도,의정부시,녹양동,\N,4115062000,녹양동,411503181048,체육로
S0053744,분식,4115011100,경기도,의정부시,녹양동,\N,4115062000,녹양동,411503181048,체육로
S0053775,찜탕,4421010100,충청남도,서산시,읍내동,\N,4421051000,부춘동,442103254201,호수공원2로
S0053976,한식,4513014500,전라북도,군산시,미룡동,\N,4513070300,나운3동,451303268023,대학로
S0053977,한식,4513014500,전라북도,군산시,미룡동,\N,4513070300,나운3동,451303268023,대학로
S0053978,한식,4513014500,전라북도,군산시,미룡동,\N,4513070300,나운3동,451303268023,대학로
S0054362,한식,4115010600,경기도,의정부시,민락동,\N,4115057800,송산3동,411504343540,오목로225번길
S0054380,찜탕,4115010600,경기도,의정부시,민락동,\N,4115057800,송산3동,411504343540,오목로225번길
S0054439,한식,4163011400,경기도,양주시,옥정동,\N,4163056000,회천4동,416304852470,옥정동로7다길
S0054504,한식,4513014100,전라북도,군산시,수송동,\N,4513069000,수송동,451303268030,문화로
S0054505,한식,4513014100,전라북도,군산시,수송동,\N,4513069000,수송동,451303268030,문화로
S0054506,한식,4513014100,전라북도,군산시,수송동,\N,4513069000,수송동,451303268030,문화로
S0054569,한식,4161011000,경기도,광주시,태전동,\N,4161053000,광남동,416102012015,회안대로
S0054608,야식,4513014100,전라북도,군산시,수송동,\N,4513069000,수송동,451304604245,동수송3길
S0054668,한식,4513014100,전라북도,군산시,수송동,\N,4513069000,수송동,451303268030,문화로
S0054669,한식,4513014100,전라북도,군산시,수송동,\N,4513069000,수송동,451303268030,문화로
S0054670,한식,4513014100,전라북도,군산시,수송동,\N,4513069000,수송동,451303268030,문화로
S0054671,한식,4513014100,전라북도,군산시,수송동,\N,4513069000,수송동,451303268030,문화로
S0054714,야식,4513014100,전라북도,군산시,수송동,\N,4513069000,수송동,451304604244,동수송2길
S0054771,한식,4513014100,전라북도,군산시,수송동,\N,4513069000,수송동,451304604248,동수송6길
S0054788,한식,4513014100,전라북도,군산시,수송동,\N,4513069000,수송동,451304604996,진포2길
S0054814,한식,4421036023,충청남도,서산시,성연면,오사리,4421036000,성연면,442103265064,성연2로
S0054987,한식,4150010100,경기도,이천시,창전동,\N,4150051000,창전동,415004421720,중리천로97번길
S0055350,돈까스/일식,4115010100,경기도,의정부시,의정부동,\N,4115052000,의정부2동,411503181029,신흥로
S0055506,야식,4125010200,경기도,동두천시,지행동,\N,4125056600,송내동,412503189031,중앙로
S0055586,찜탕,4115010100,경기도,의정부시,의정부동,\N,4115051000,의정부1동,\N,\N
S0055587,찜탕,4115010100,경기도,의정부시,의정부동,\N,4115051000,의정부1동,\N,\N
S0055588,찜탕,4115010100,경기도,의정부시,의정부동,\N,4115051000,의정부1동,\N,\N
S0055594,야식,4115010100,경기도,의정부시,의정부동,\N,4115051000,의정부1동,411504343382,태평로73번길
S0055602,아시안/양식,4115010100,경기도,의정부시,의정부동,\N,4115051000,의정부1동,411503181052,행복로
S0055603,아시안/양식,4115010100,경기도,의정부시,의정부동,\N,4115051000,의정부1동,411503181052,행복로
S0055604,아시안/양식,4115010100,경기도,의정부시,의정부동,\N,4115051000,의정부1동,411503181052,행복로
S0055605,아시안/양식,4115010100,경기도,의정부시,의정부동,\N,4115051000,의정부1동,411503181052,행복로
S0055606,아시안/양식,4115010100,경기도,의정부시,의정부동,\N,4115051000,의정부1동,411503181052,행복로
S0055607,아시안/양식,4115010100,경기도,의정부시,의정부동,\N,4115051000,의정부1동,411503181052,행복로
S0055608,아시안/양식,4115010100,경기도,의정부시,의정부동,\N,4115051000,의정부1동,411503181052,행복로
S0055609,아시안/양식,4115010100,경기도,의정부시,의정부동,\N,4115051000,의정부1동,411503181052,행복로
S0055610,아시안/양식,4115010100,경기도,의정부시,의정부동,\N,4115051000,의정부1동,411503181052,행복로
S0055668,한식,4115010100,경기도,의정부시,의정부동,\N,4115051000,의정부1동,411503181060,시민로
S0055669,한식,4115010100,경기도,의정부시,의정부동,\N,4115051000,의정부1동,411503181060,시민로
S0055670,한식,4115010100,경기도,의정부시,의정부동,\N,4115051000,의정부1동,411503181060,시민로
S0055671,한식,4115010100,경기도,의정부시,의정부동,\N,4115051000,의정부1동,411503181060,시민로
S0055672,한식,4115010100,경기도,의정부시,의정부동,\N,4115051000,의정부1동,411503181060,시민로
S0055673,한식,4115010100,경기도,의정부시,의정부동,\N,4115051000,의정부1동,411503181060,시민로
S0055674,한식,4115010100,경기도,의정부시,의정부동,\N,4115051000,의정부1동,411503181060,시민로
S0055675,한식,4115010100,경기도,의정부시,의정부동,\N,4115051000,의정부1동,411503181060,시민로
S0055676,한식,4115010100,경기도,의정부시,의정부동,\N,4115051000,의정부1동,411503181060,시민로
S0055677,한식,4115010100,경기도,의정부시,의정부동,\N,4115051000,의정부1동,411503181060,시민로
S0055678,한식,4115010100,경기도,의정부시,의정부동,\N,4115051000,의정부1동,411503181060,시민로
S0055679,한식,4115010100,경기도,의정부시,의정부동,\N,4115051000,의정부1동,411503181060,시민로
S0055680,한식,4115010100,경기도,의정부시,의정부동,\N,4115051000,의정부1동,411503181060,시민로
S0055753,분식,4115010100,경기도,의정부시,의정부동,\N,4115052000,의정부2동,411503181017,범골로
S0055889,돈까스/일식,4717013300,경상북도,안동시,옥동,\N,4717065000,옥동,471704721489,복주1길
S0055974,한식,4115010100,경기도,의정부시,의정부동,\N,4115051000,의정부1동,411503215066,평화로
S0055975,한식,4115010100,경기도,의정부시,의정부동,\N,4115051000,의정부1동,411503215066,평화로
S0055976,한식,4115010100,경기도,의정부시,의정부동,\N,4115051000,의정부1동,411503215066,평화로
S0055977,한식,4115010100,경기도,의정부시,의정부동,\N,4115051000,의정부1동,411503215066,평화로
S0056069,심부름,4513013400,전라북도,군산시,조촌동,\N,4513065000,조촌동,451304604965,조촌안4길
S0056110,도시락,4513014300,전라북도,군산시,지곡동,\N,4513069000,수송동,451303268097,지곡로
S0056111,도시락,4513014300,전라북도,군산시,지곡동,\N,4513069000,수송동,451303268097,지곡로
S0056112,도시락,4513014300,전라북도,군산시,지곡동,\N,4513069000,수송동,451303268097,지곡로
S0056221,야식,4421010100,충청남도,서산시,읍내동,\N,4421051000,부춘동,442103254135,읍내1로
S0056252,돈까스/일식,1138010400,서울특별시,은평구,갈현동,\N,1138055100,갈현1동,113804133326,통일로83길
S0056253,심부름,4165025021,경기도,포천시,소흘읍,송우리,4165025000,소흘읍,416504439307,솔모루로3번길
S0056292,카페/디저트,4421010100,충청남도,서산시,읍내동,\N,4421051000,부춘동,442103254062,부춘3로
S0056371,패스트푸드,4115010200,경기도,의정부시,호원동,\N,4115055500,호원2동,411503181017,범골로
S0056372,패스트푸드,4115010200,경기도,의정부시,호원동,\N,4115055500,호원2동,411503181017,범골로
S0056405,분식,4513014100,전라북도,군산시,수송동,\N,4513069000,수송동,451304605017,축동2길
S0056406,분식,4513014100,전라북도,군산시,수송동,\N,4513069000,수송동,451304605017,축동2길
S0056407,분식,4513014100,전라북도,군산시,수송동,\N,4513069000,수송동,451304605017,축동2길
S0056437,심부름,4115010900,경기도,의정부시,금오동,\N,4115058000,자금동,411503000136,호국로
S0056438,심부름,4115010900,경기도,의정부시,금오동,\N,4115058000,자금동,411503000136,호국로
S0056453,돈까스/일식,1153010700,서울특별시,구로구,개봉동,\N,1153075000,개봉2동,115304148301,남부순환로97길
S0056454,돈까스/일식,1153010600,서울특별시,구로구,고척동,\N,1153073000,고척2동,115304148085,경인로33길
S0056466,야식,4617025023,전라남도,나주시,남평읍,동사리,4617025000,남평읍,461704685312,강변2길
S0056472,한식,4128112800,경기도,고양시 덕양구,행신동,\N,4128165000,행신2동,412813192095,충장로
S0056530,한식,4161011000,경기도,광주시,태전동,\N,4161053000,광남동,416103211002,고불로
S0056536,돈까스/일식,4161011000,경기도,광주시,태전동,\N,4161053000,광남동,\N,\N
S0056537,한식,4161011000,경기도,광주시,태전동,\N,4161053000,광남동,416102012015,회안대로
S0056538,심부름,4161011100,경기도,광주시,장지동,\N,4161053000,광남동,416103211033,순암로
S0056540,돈까스/일식,4161011000,경기도,광주시,태전동,\N,4161053000,광남동,416103211002,고불로
S0056543,야식,4161011000,경기도,광주시,태전동,\N,4161053000,광남동,416103211002,고불로
S0056546,한식,4161011000,경기도,광주시,태전동,\N,4161053000,광남동,416103211040,태봉로
S0056713,한식,4315012100,충청북도,제천시,강제동,\N,4315060500,화산동,431503239002,고명로
S0056716,한식,4315011000,충청북도,제천시,영천동,\N,4315054700,영서동,431504844167,청풍호로9길
S0056717,한식,4315011000,충청북도,제천시,영천동,\N,4315054700,영서동,431504844167,청풍호로9길
S0056758,돈까스/일식,1153010600,서울특별시,구로구,고척동,\N,1153073000,고척2동,115304148085,경인로33길
S0058861,한식,4817013100,경상남도,진주시,가좌동,\N,4817074000,가호동,481704796018,가좌안골길14번길
S0058866,심부름,4817013100,경상남도,진주시,가좌동,\N,4817074000,가호동,481704796007,가좌길36번길
S0058954,한식,4119011000,경기도,부천시,소사본동,\N,4119075000,소사본동,411904355186,소사로170번길
S0059055,돈까스/일식,4817012000,경상남도,진주시,하대동,\N,4817067800,하대동,481703332023,모덕로
S0059097,찜탕,4121010300,경기도,광명시,하안동,\N,4121063100,하안1동,412103187025,밤일로
S0059148,한식,4115010100,경기도,의정부시,의정부동,\N,4115051000,의정부1동,411503215066,평화로
S0059149,한식,4115010100,경기도,의정부시,의정부동,\N,4115051000,의정부1동,411503215066,평화로
S0059150,한식,4115010100,경기도,의정부시,의정부동,\N,4115051000,의정부1동,411503215066,평화로
S0059212,심부름,4513013500,전라북도,군산시,경장동,\N,4513065000,조촌동,451303268036,백릉로
S0059213,심부름,4513013500,전라북도,군산시,경장동,\N,4513065000,조촌동,451303268036,백릉로
S0059214,심부름,4513013500,전라북도,군산시,경장동,\N,4513065000,조촌동,451303268036,백릉로
S0059217,심부름,4122025924,경기도,평택시,청북읍,옥길리,4122025900,청북읍,412204364458,안청로2길
S0059382,도시락,4115010400,경기도,의정부시,신곡동,\N,4115056800,신곡2동,411503181039,장곡로
S0059383,도시락,4115010400,경기도,의정부시,신곡동,\N,4115056800,신곡2동,411503181039,장곡로
S0059384,도시락,4115010400,경기도,의정부시,신곡동,\N,4115056800,신곡2동,411503181039,장곡로
S0059386,한식,4115010400,경기도,의정부시,신곡동,\N,4115056800,신곡2동,411503181019,부용로
S0059478,찜탕,4513014400,전라북도,군산시,나운동,\N,4513070100,나운1동,451304605078,하신1길
S0059496,야식,4513014400,전라북도,군산시,나운동,\N,4513070100,나운1동,451304604482,상신안길
S0059498,야식,4513014400,전라북도,군산시,나운동,\N,4513070100,나운1동,451304604482,상신안길
S0059531,회,4513014400,전라북도,군산시,나운동,\N,4513070200,나운2동,451304604524,서수송안1길
S0059532,회,4513014400,전라북도,군산시,나운동,\N,4513070200,나운2동,451304604524,서수송안1길
S0059533,회,4513014400,전라북도,군산시,나운동,\N,4513070200,나운2동,451304604524,서수송안1길
S0059534,회,4513014400,전라북도,군산시,나운동,\N,4513070200,나운2동,451304604524,서수송안1길
S0059559,야식,4513014400,전라북도,군산시,나운동,\N,4513070200,나운2동,451303268013,나운로
S0059585,한식,4513014400,전라북도,군산시,나운동,\N,4513070300,나운3동,451303268038,백토로
S0059586,한식,4513014400,전라북도,군산시,나운동,\N,4513070300,나운3동,451303268038,백토로
S0059587,한식,4513014400,전라북도,군산시,나운동,\N,4513070300,나운3동,451303268038,백토로
S0059588,한식,4513014400,전라북도,군산시,나운동,\N,4513070300,나운3동,451303268038,백토로
S0059589,한식,4513014400,전라북도,군산시,나운동,\N,4513070300,나운3동,451303268038,백토로
S0059648,찜탕,4125010100,경기도,동두천시,송내동,\N,4125056600,송내동,412504367142,중앙로33번길
S0059681,분식,4115011100,경기도,의정부시,녹양동,\N,4115062000,녹양동,411503181048,체육로
S0059786,한식,4125010300,경기도,동두천시,생연동,\N,4125053500,중앙동,412503189004,동광로
S0059797,한식,1138010400,서울특별시,은평구,갈현동,\N,1138055200,갈현2동,113804133160,연서로29길
S0059798,한식,1138010400,서울특별시,은평구,갈현동,\N,1138055200,갈현2동,113804133160,연서로29길
S0059802,한식,4161011000,경기도,광주시,태전동,\N,4161053000,광남동,416103211002,고불로
S0059808,아시안/양식,4165010100,경기도,포천시,신읍동,\N,4165051000,포천동,416504439593,중앙로119번길
S0059811,아시안/양식,4513014100,전라북도,군산시,수송동,\N,4513069000,수송동,451304604244,동수송2길
S0059828,돈까스/일식,4421010900,충청남도,서산시,예천동,\N,4421055000,석남동,442103254196,호수공원12로
S0059869,족발/보쌈,4421010200,충청남도,서산시,동문동,\N,4421052500,동문1동,442103254072,서령로
S0059889,한식,4513014500,전라북도,군산시,미룡동,\N,4513070300,나운3동,451304604907,은파순환길
S0059890,한식,4513014500,전라북도,군산시,미룡동,\N,4513070300,나운3동,451304604907,은파순환길
S0059891,한식,4513014500,전라북도,군산시,미룡동,\N,4513070300,나운3동,451304604907,은파순환길
S0059892,한식,4513014500,전라북도,군산시,미룡동,\N,4513070300,나운3동,451304604907,은파순환길
S0059894,한식,4717011200,경상북도,안동시,동부동,\N,4717051000,중구동,471703303047,중앙로
S0059903,심부름,4165025021,경기도,포천시,소흘읍,송우리,4165025000,소흘읍,416503213022,솔모루로
S0059910,한식,4513014500,전라북도,군산시,미룡동,\N,4513070300,나운3동,451303268023,대학로
S0059911,한식,4513014500,전라북도,군산시,미룡동,\N,4513070300,나운3동,451303268023,대학로
S0059912,한식,4513014500,전라북도,군산시,미룡동,\N,4513070300,나운3동,451303268023,대학로
S0059913,한식,4513014500,전라북도,군산시,미룡동,\N,4513070300,나운3동,451303268023,대학로
S0059914,한식,4513014500,전라북도,군산시,미룡동,\N,4513070300,나운3동,451303268023,대학로
S0059915,한식,4513014500,전라북도,군산시,미룡동,\N,4513070300,나운3동,451303268023,대학로
S0059916,한식,4513014500,전라북도,군산시,미룡동,\N,4513070300,나운3동,451303268023,대학로
S0059927,한식,4513014500,전라북도,군산시,미룡동,\N,4513070300,나운3동,451304604907,은파순환길
S0059928,한식,4513014500,전라북도,군산시,미룡동,\N,4513070300,나운3동,451304604907,은파순환길
S0059929,한식,4513014500,전라북도,군산시,미룡동,\N,4513070300,나운3동,451304604907,은파순환길
S0059939,야식,4513014200,전라북도,군산시,미장동,\N,4513069000,수송동,451303350771,미장남로
S0060162,돈까스/일식,4115010600,경기도,의정부시,민락동,\N,4115057800,송산3동,411503181033,오목로
S0060163,돈까스/일식,4115010600,경기도,의정부시,민락동,\N,4115057800,송산3동,411503181033,오목로
S0060164,돈까스/일식,4115010600,경기도,의정부시,민락동,\N,4115057800,송산3동,411503181033,오목로
S0060165,돈까스/일식,4115010600,경기도,의정부시,민락동,\N,4115057800,송산3동,411503181033,오목로
S0060166,돈까스/일식,4115010600,경기도,의정부시,민락동,\N,4115057800,송산3동,411503181033,오목로
S0060167,돈까스/일식,4115010600,경기도,의정부시,민락동,\N,4115057800,송산3동,411503181033,오목로
S0060168,돈까스/일식,4115010600,경기도,의정부시,민락동,\N,4115057800,송산3동,411503181033,오목로
S0060169,돈까스/일식,4115010600,경기도,의정부시,민락동,\N,4115057800,송산3동,411503181033,오목로
S0060170,돈까스/일식,4115010600,경기도,의정부시,민락동,\N,4115057800,송산3동,411503181033,오목로
S0060171,돈까스/일식,4115010600,경기도,의정부시,민락동,\N,4115057800,송산3동,411503181033,오목로
S0060172,돈까스/일식,4115010600,경기도,의정부시,민락동,\N,4115057800,송산3동,411503181033,오목로
S0060191,찜탕,4115010600,경기도,의정부시,민락동,\N,4115057800,송산3동,411504343540,오목로225번길
S0060366,야식,4513014100,전라북도,군산시,수송동,\N,4513069000,수송동,451304604246,동수송4길
S0060367,야식,4513014100,전라북도,군산시,수송동,\N,4513069000,수송동,451304604246,동수송4길
S0060368,야식,4513014100,전라북도,군산시,수송동,\N,4513069000,수송동,451304604246,동수송4길
S0060369,야식,4513014100,전라북도,군산시,수송동,\N,4513069000,수송동,451304604246,동수송4길
S0060370,야식,4513014100,전라북도,군산시,수송동,\N,4513069000,수송동,451304604246,동수송4길
S0060371,야식,4513014100,전라북도,군산시,수송동,\N,4513069000,수송동,451304604246,동수송4길
S0060373,야식,4513014100,전라북도,군산시,수송동,\N,4513069000,수송동,451304604245,동수송3길
S0060374,야식,4513014100,전라북도,군산시,수송동,\N,4513069000,수송동,451304604245,동수송3길
S0060414,아시안/양식,4513014100,전라북도,군산시,수송동,\N,4513069000,수송동,451304604244,동수송2길
S0060415,아시안/양식,4513014100,전라북도,군산시,수송동,\N,4513069000,수송동,451304604244,동수송2길
S0060416,아시안/양식,4513014100,전라북도,군산시,수송동,\N,4513069000,수송동,451304604244,동수송2길
S0060417,아시안/양식,4513014100,전라북도,군산시,수송동,\N,4513069000,수송동,451304604244,동수송2길
S0060418,아시안/양식,4513014100,전라북도,군산시,수송동,\N,4513069000,수송동,451304604244,동수송2길
S0060425,한식,4513014100,전라북도,군산시,수송동,\N,4513069000,수송동,451303268030,문화로
S0060453,분식,4513014100,전라북도,군산시,수송동,\N,4513069000,수송동,451304605023,축동안길
S0060454,분식,4513014100,전라북도,군산시,수송동,\N,4513069000,수송동,451304605023,축동안길
S0060457,야식,4513014100,전라북도,군산시,수송동,\N,4513069000,수송동,451304604244,동수송2길
S0060458,야식,4513014100,전라북도,군산시,수송동,\N,4513069000,수송동,451304604244,동수송2길
S0060459,야식,4513014100,전라북도,군산시,수송동,\N,4513069000,수송동,451304604244,동수송2길
S0060494,한식,4513014100,전라북도,군산시,수송동,\N,4513069000,수송동,451304604248,동수송6길
S0060495,한식,4513014100,전라북도,군산시,수송동,\N,4513069000,수송동,451304604248,동수송6길
S0060496,한식,4513014100,전라북도,군산시,수송동,\N,4513069000,수송동,451304604248,동수송6길
S0060497,한식,4513013100,전라북도,군산시,금암동,\N,4513060500,중앙동,451303268109,해망로
S0060513,한식,4513014100,전라북도,군산시,수송동,\N,4513069000,수송동,451304604996,진포2길
S0060569,카페/디저트,4115010400,경기도,의정부시,신곡동,\N,4115056800,신곡2동,411504343347,추동로108번길
S0060570,카페/디저트,4115010400,경기도,의정부시,신곡동,\N,4115056800,신곡2동,411504343347,추동로108번길
S0060571,카페/디저트,4115010400,경기도,의정부시,신곡동,\N,4115056800,신곡2동,411504343347,추동로108번길
S0060572,카페/디저트,4115010400,경기도,의정부시,신곡동,\N,4115056800,신곡2동,411504343347,추동로108번길
S0060573,카페/디저트,4115010400,경기도,의정부시,신곡동,\N,4115056800,신곡2동,411504343347,추동로108번길
S0060574,카페/디저트,4115010400,경기도,의정부시,신곡동,\N,4115056800,신곡2동,411504343347,추동로108번길
S0060575,카페/디저트,4115010400,경기도,의정부시,신곡동,\N,4115056800,신곡2동,411504343347,추동로108번길
S0061074,아시안/양식,4150010100,경기도,이천시,창전동,\N,4150051000,창전동,415004421398,서희로60번길
S0061075,돈까스/일식,4115010100,경기도,의정부시,의정부동,\N,4115052000,의정부2동,411503181029,신흥로
S0061124,찜탕,4125010200,경기도,동두천시,지행동,\N,4125056600,송내동,412503189005,동두천로
S0061140,분식,2644010400,부산광역시,강서구,명지동,\N,2644054500,명지2동,264403136050,명지오션시티9로
S0061174,카페/디저트,4115010500,경기도,의정부시,용현동,\N,4115057300,송산1동,411504343225,시민로387번길
S0061175,카페/디저트,4115010500,경기도,의정부시,용현동,\N,4115057300,송산1동,411504343225,시민로387번길
S0061258,야식,4115010100,경기도,의정부시,의정부동,\N,4115051000,의정부1동,411504343382,태평로73번길
S0061260,한식,4115010100,경기도,의정부시,의정부동,\N,4115051000,의정부1동,411503215066,평화로
S0061261,한식,4115010100,경기도,의정부시,의정부동,\N,4115051000,의정부1동,411503215066,평화로
S0061262,한식,4115010100,경기도,의정부시,의정부동,\N,4115051000,의정부1동,411503215066,평화로
S0061264,아시안/양식,4115010100,경기도,의정부시,의정부동,\N,4115051000,의정부1동,411503181052,행복로
S0061265,아시안/양식,4115010100,경기도,의정부시,의정부동,\N,4115051000,의정부1동,411503181052,행복로
S0061292,야식,4115010100,경기도,의정부시,의정부동,\N,4115051000,의정부1동,411504343417,평화로552번길
S0061293,한식,4115010100,경기도,의정부시,의정부동,\N,4115051000,의정부1동,411504343464,호국로1332번길
S0061294,한식,4115010100,경기도,의정부시,의정부동,\N,4115051000,의정부1동,411504343464,호국로1332번길
S0061295,한식,4115010100,경기도,의정부시,의정부동,\N,4115051000,의정부1동,411504343464,호국로1332번길
S0061298,한식,4115010100,경기도,의정부시,의정부동,\N,4115051000,의정부1동,411503181060,시민로
S0061299,한식,4115010100,경기도,의정부시,의정부동,\N,4115051000,의정부1동,411503181060,시민로
S0061300,한식,4115010100,경기도,의정부시,의정부동,\N,4115051000,의정부1동,411503181060,시민로
S0061301,한식,4115010100,경기도,의정부시,의정부동,\N,4115051000,의정부1동,411503181060,시민로
S0061302,한식,4115010100,경기도,의정부시,의정부동,\N,4115051000,의정부1동,411503181060,시민로
S0061340,분식,4115010100,경기도,의정부시,의정부동,\N,4115052000,의정부2동,411503181017,범골로
S0061341,분식,4115010100,경기도,의정부시,의정부동,\N,4115052000,의정부2동,411503181017,범골로
S0061356,한식,4115010100,경기도,의정부시,의정부동,\N,4115052000,의정부2동,411504343114,둔야로17번길
S0061357,한식,4115010100,경기도,의정부시,의정부동,\N,4115052000,의정부2동,411504343114,둔야로17번길
S0061358,한식,4115010100,경기도,의정부시,의정부동,\N,4115052000,의정부2동,411504343114,둔야로17번길
S0061359,한식,4115010100,경기도,의정부시,의정부동,\N,4115052000,의정부2동,411504343114,둔야로17번길
S0061360,한식,4115010100,경기도,의정부시,의정부동,\N,4115052000,의정부2동,411504343114,둔야로17번길
S0061400,한식,4115010100,경기도,의정부시,의정부동,\N,4115051000,의정부1동,411504343199,시민로132번길
S0061401,한식,4115010100,경기도,의정부시,의정부동,\N,4115051000,의정부1동,411504343199,시민로132번길
S0061402,한식,4115010100,경기도,의정부시,의정부동,\N,4115051000,의정부1동,411504343199,시민로132번길
S0061403,한식,4115010100,경기도,의정부시,의정부동,\N,4115051000,의정부1동,411504343199,시민로132번길
S0061404,한식,4115010100,경기도,의정부시,의정부동,\N,4115051000,의정부1동,411504343199,시민로132번길
S0061405,한식,4115010100,경기도,의정부시,의정부동,\N,4115051000,의정부1동,411504343199,시민로132번길
S0061483,분식,4513014100,전라북도,군산시,수송동,\N,4513069000,수송동,451304605023,축동안길
S0061484,한식,4421010200,충청남도,서산시,동문동,\N,4421053500,동문2동,442103254119,율지13로
S0061665,도시락,4513014300,전라북도,군산시,지곡동,\N,4513069000,수송동,451303268097,지곡로
S0061666,도시락,4513014300,전라북도,군산시,지곡동,\N,4513069000,수송동,451303268097,지곡로
S0061667,도시락,4513014300,전라북도,군산시,지곡동,\N,4513069000,수송동,451303268097,지곡로
S0061668,도시락,4513014300,전라북도,군산시,지곡동,\N,4513069000,수송동,451303268097,지곡로
S0061684,한식,4125010200,경기도,동두천시,지행동,\N,4125056500,불현동,412504367200,평화로2261번길
S0061697,한식,4122010100,경기도,평택시,서정동,\N,4122052000,서정동,412204364827,특구로27번길
S0061783,아시안/양식,1156013300,서울특별시,영등포구,대림동,\N,1156072000,대림3동,115603118027,대림로
S0061805,야식,4125010200,경기도,동두천시,지행동,\N,4125056500,불현동,412504367201,평화로2313번길
S0061806,야식,4125010200,경기도,동두천시,지행동,\N,4125056500,불현동,412504367201,평화로2313번길
S0061807,아시안/양식,4125010200,경기도,동두천시,지행동,\N,4125056500,불현동,412503189026,지행로
S0061814,야식,4165010100,경기도,포천시,신읍동,\N,4165051000,포천동,416503213004,구절초로
S0061821,심부름,4165025021,경기도,포천시,소흘읍,송우리,4165025000,소흘읍,416504439307,솔모루로3번길
S0061826,회,4150010100,경기도,이천시,창전동,\N,4150051000,창전동,415003207041,영창로
S0061844,한식,4125010300,경기도,동두천시,생연동,\N,4125056500,불현동,412503012028,삼육사로
S0061851,야식,4136025021,경기도,남양주시,와부읍,덕소리,4136025000,와부읍,413604391257,덕소로116번길
S0061852,한식,4513014400,전라북도,군산시,나운동,\N,4513070100,나운1동,451304605076,하나운안1길
S0061853,한식,4513014400,전라북도,군산시,나운동,\N,4513070100,나운1동,451304605076,하나운안1길
S0061860,카페/디저트,4421010100,충청남도,서산시,읍내동,\N,4421051000,부춘동,442103254062,부춘3로
S0061902,배달전문업체,4115010200,경기도,의정부시,호원동,\N,4115055500,호원2동,411503181034,외미로
S0061930,한식,4723010600,경상북도,영천시,창구동,\N,4723052000,중앙동,472303310025,최무선로
S0061932,배달전문업체,4513014100,전라북도,군산시,수송동,\N,4513069000,수송동,451304605017,축동2길
S0061933,배달전문업체,4513014100,전라북도,군산시,수송동,\N,4513069000,수송동,451304605017,축동2길
S0061957,카페/디저트,4125010200,경기도,동두천시,지행동,\N,4125056500,불현동,412504367195,행선로20번길
S0061962,심부름,1153010600,서울특별시,구로구,고척동,\N,1153073000,고척2동,115304148461,중앙로14길
S0061963,심부름,1153010600,서울특별시,구로구,고척동,\N,1153073000,고척2동,115304148461,중앙로14길
S0062005,심부름,1154510200,서울특별시,금천구,독산동,\N,1154561000,독산1동,115453117005,두산로
S0063404,한식,4817011900,경상남도,진주시,상대동,\N,4817067300,상대동,481704796247,남강로885번길
S0063464,회,4817012000,경상남도,진주시,하대동,\N,4817067800,하대동,481703332023,모덕로
S0063614,한식,4723010200,경상북도,영천시,망정동,\N,4723051000,동부동,472304730195,망정2길
S0063663,한식,4122025924,경기도,평택시,청북읍,옥길리,4122025900,청북읍,412204364458,안청로2길
S0063682,아시안/양식,4513014400,전라북도,군산시,나운동,\N,4513070200,나운2동,451304604524,서수송안1길
S0063683,아시안/양식,4513014400,전라북도,군산시,나운동,\N,4513070200,나운2동,451304604524,서수송안1길
S0063713,야식,4513014400,전라북도,군산시,나운동,\N,4513070300,나운3동,451303268089,의료원로
S0063732,야식,4513014400,전라북도,군산시,나운동,\N,4513070200,나운2동,451303268013,나운로
S0063733,야식,4513014400,전라북도,군산시,나운동,\N,4513070200,나운2동,451303268013,나운로
S0063734,야식,4513014400,전라북도,군산시,나운동,\N,4513070200,나운2동,451303268013,나운로
S0063743,한식,4513014400,전라북도,군산시,나운동,\N,4513070300,나운3동,451303268038,백토로
S0063768,야식,4163011600,경기도,양주시,덕계동,\N,4163054000,회천2동,416304436377,평화로1435번길
S0063780,한식,4122025924,경기도,평택시,청북읍,옥길리,4122025900,청북읍,412204364458,안청로2길
S0063782,카페/디저트,4115010500,경기도,의정부시,용현동,\N,4115057300,송산1동,411504343357,충의로57번길
S0063783,카페/디저트,4115010500,경기도,의정부시,용현동,\N,4115057300,송산1동,411504343357,충의로57번길
S0063827,아시안/양식,4165010100,경기도,포천시,신읍동,\N,4165051000,포천동,416504439593,중앙로119번길
S0063857,찜탕,4165025021,경기도,포천시,소흘읍,송우리,4165025000,소흘읍,416503213024,송우로
S0063858,돈까스/일식,4513014500,전라북도,군산시,미룡동,\N,4513070300,나운3동,451303268023,대학로
S0063862,야식,4513014500,전라북도,군산시,미룡동,\N,4513070300,나운3동,451304604907,은파순환길
S0063897,한식,5013011100,제주특별자치도,서귀포시,토평동,\N,5013056000,영천동,501303349235,일주동로
S0063936,아시안/양식,4127110300,경기도,안산시 상록구,사동,\N,4127152500,사동,412714370078,당골1길
S0064009,야식,4513014100,전라북도,군산시,수송동,\N,4513069000,수송동,451304604246,동수송4길
S0064021,아시안/양식,4513014100,전라북도,군산시,수송동,\N,4513069000,수송동,451304604244,동수송2길
S0064025,한식,4513014100,전라북도,군산시,수송동,\N,4513069000,수송동,451303268030,문화로
S0064033,야식,4513014100,전라북도,군산시,수송동,\N,4513069000,수송동,451304604249,동수송7길
S0064034,야식,4513014100,전라북도,군산시,수송동,\N,4513069000,수송동,451304604249,동수송7길
S0064042,분식,4513014100,전라북도,군산시,수송동,\N,4513069000,수송동,451304605023,축동안길
S0064045,야식,4513014100,전라북도,군산시,수송동,\N,4513069000,수송동,451304604244,동수송2길
S0064089,카페/디저트,4115010400,경기도,의정부시,신곡동,\N,4115056800,신곡2동,411504343347,추동로108번길
S0064398,돈까스/일식,4125010300,경기도,동두천시,생연동,\N,4125053500,중앙동,412503189031,중앙로
S0064399,돈까스/일식,4125010300,경기도,동두천시,생연동,\N,4125053500,중앙동,412503189031,중앙로
S0064409,아시안/양식,4115010500,경기도,의정부시,용현동,\N,4115057300,송산1동,411504343163,부용로219번길
S0064410,아시안/양식,4115010500,경기도,의정부시,용현동,\N,4115057300,송산1동,411504343163,부용로219번길
S0064411,카페/디저트,4115010500,경기도,의정부시,용현동,\N,4115057300,송산1동,411504343225,시민로387번길
S0064452,한식,4115010100,경기도,의정부시,의정부동,\N,4115051000,의정부1동,411504343382,태평로73번길
S0064453,한식,4115010100,경기도,의정부시,의정부동,\N,4115051000,의정부1동,411504343382,태평로73번길
S0064456,아시안/양식,4115010100,경기도,의정부시,의정부동,\N,4115051000,의정부1동,411503215066,평화로
S0064457,아시안/양식,4115010100,경기도,의정부시,의정부동,\N,4115051000,의정부1동,411503215066,평화로
S0064464,한식,4115010100,경기도,의정부시,의정부동,\N,4115051000,의정부1동,411504343464,호국로1332번길
S0064468,찜탕,4115010100,경기도,의정부시,의정부동,\N,4115051000,의정부1동,411504343532,태평로82번길
S0064469,찜탕,4115010100,경기도,의정부시,의정부동,\N,4115051000,의정부1동,411504343532,태평로82번길
S0064484,분식,4115010100,경기도,의정부시,의정부동,\N,4115052000,의정부2동,411503181017,범골로
S0064485,분식,4115010100,경기도,의정부시,의정부동,\N,4115052000,의정부2동,411503181017,범골로
S0064494,한식,4115010100,경기도,의정부시,의정부동,\N,4115051000,의정부1동,411504343199,시민로132번길
S0064532,찜탕,4421010200,충청남도,서산시,동문동,\N,4421053500,동문2동,442103254119,율지13로
S0064571,한식,4115011000,경기도,의정부시,가능동,\N,4115059500,가능동,411504343232,신촌로29번길
S0064640,중식,4125010300,경기도,동두천시,생연동,\N,4125056500,불현동,412503215066,평화로
S0064643,한식,4421010100,충청남도,서산시,읍내동,\N,4421051000,부춘동,442103254059,번화2로
S0064644,한식,4421010100,충청남도,서산시,읍내동,\N,4421051000,부춘동,442103254059,번화2로
S0064719,배달전문업체,4115010200,경기도,의정부시,호원동,\N,4115055500,호원2동,411503181034,외미로
S0064721,패스트푸드,4115010200,경기도,의정부시,호원동,\N,4115055500,호원2동,411503181017,범골로
S0064731,한식,4421010100,충청남도,서산시,읍내동,\N,4421051000,부춘동,442103254135,읍내1로
S0064732,한식,4421010100,충청남도,서산시,읍내동,\N,4421051000,부춘동,442103254135,읍내1로
S0064733,배달전문업체,4513014100,전라북도,군산시,수송동,\N,4513069000,수송동,451304605017,축동2길
S0064734,배달전문업체,4513014100,전라북도,군산시,수송동,\N,4513069000,수송동,451304605017,축동2길
S0064742,한식,1153010700,서울특별시,구로구,개봉동,\N,1153074000,개봉1동,115304148098,경인로40길
S0064743,한식,1153010700,서울특별시,구로구,개봉동,\N,1153074000,개봉1동,115304148098,경인로40길
S0064769,야식,1153010800,서울특별시,구로구,오류동,\N,1153077000,오류1동,115304148075,경인로20가길
S0066093,치킨,4817011200,경상남도,진주시,계동,\N,4817055500,성북동,481704796673,비봉로62번길
S0066096,패스트푸드,4121010100,경기도,광명시,광명동,\N,4121054000,광명3동,412103000022,오리로
S0066111,야식,4817011900,경상남도,진주시,상대동,\N,4817067300,상대동,481703332018,돗골로
S0066112,한식,4817011900,경상남도,진주시,상대동,\N,4817067300,상대동,481703332034,솔밭로
S0066115,한식,4817012100,경상남도,진주시,상평동,\N,4817068000,상평동,481704796248,남강로935번길
S0066118,한식,4817012500,경상남도,진주시,신안동,\N,4817071000,평거동,481703332033,석갑로
S0066129,카페/디저트,4119010800,경기도,부천시,중동,\N,4119074200,신중동,411903184019,석천로
S0066145,카페/디저트,4817012600,경상남도,진주시,평거동,\N,4817073000,판문동,481704838078,진양호로28번길
S0066159,야식,4817013700,경상남도,진주시,충무공동,\N,4817075000,충무공동,481703350076,범골로54번길
S0066164,분식,4817013700,경상남도,진주시,충무공동,\N,4817075000,충무공동,481703350072,에나로175번길
S0066165,분식,4817013700,경상남도,진주시,충무공동,\N,4817075000,충무공동,481703350072,에나로175번길
S0066190,돈까스/일식,1162010200,서울특별시,관악구,신림동,\N,1162066500,서림동,116204160501,신림로12길
S0066302,야식,4513014400,전라북도,군산시,나운동,\N,4513070300,나운3동,451303268089,의료원로
S0066324,분식,5013010500,제주특별자치도,서귀포시,동홍동,\N,5013057000,동홍동,501304850210,동홍중앙로66번길
S0066336,심부름,4115011100,경기도,의정부시,녹양동,\N,4115062000,녹양동,411503181048,체육로
S0066337,심부름,4115011100,경기도,의정부시,녹양동,\N,4115062000,녹양동,411503181048,체육로
S0066342,야식,4115010500,경기도,의정부시,용현동,\N,4115057300,송산1동,411504343357,충의로57번길
S0066438,한식,4421010700,충청남도,서산시,석림동,\N,4421054000,수석동,442103254176,한마음13로
S0066482,돈까스/일식,4115010600,경기도,의정부시,민락동,\N,4115057800,송산3동,411503181033,오목로
S0066554,회,4136025328,경기도,남양주시,진접읍,금곡리,4136025300,진접읍,413604391774,해밀예당1로200번길
S0066719,한식,2644010400,부산광역시,강서구,명지동,\N,2644054500,명지2동,264403136049,명지오션시티8로
S0066724,카페/디저트,2920011600,광주광역시,광산구,쌍암동,\N,2920062600,첨단2동,292003163039,월계로
S0066775,야식,4115010100,경기도,의정부시,의정부동,\N,4115051000,의정부1동,411504343417,평화로552번길
S0066776,한식,4115010100,경기도,의정부시,의정부동,\N,4115051000,의정부1동,411504343464,호국로1332번길
S0066810,분식,4115010100,경기도,의정부시,의정부동,\N,4115051000,의정부1동,411504343201,시민로146번길
S0066811,분식,4115010100,경기도,의정부시,의정부동,\N,4115051000,의정부1동,411504343201,시민로146번길
S0066837,한식,4115010400,경기도,의정부시,신곡동,\N,4115056700,신곡1동,411503000001,동일로
S0066839,찜탕,4513012800,전라북도,군산시,장재동,\N,4513064000,흥남동,451304604943,장재길
S0066841,한식,4127110300,경기도,안산시 상록구,사동,\N,4127152500,사동,412714370078,당골1길
S0066857,한식,4115011000,경기도,의정부시,가능동,\N,4115059500,가능동,411504343232,신촌로29번길
S0066860,돈까스/일식,3171025330,울산광역시,울주군,언양읍,동부리,3171025300,언양읍,317103173066,읍성로
S0066861,돈까스/일식,3171025330,울산광역시,울주군,언양읍,동부리,3171025300,언양읍,317103173066,읍성로
S0066911,치킨,4421010700,충청남도,서산시,석림동,\N,4421054000,수석동,442103254078,석림1로
S0066916,한식,4421010100,충청남도,서산시,읍내동,\N,4421051000,부춘동,442103254059,번화2로
S0066931,한식,4115011000,경기도,의정부시,가능동,\N,4115061500,흥선동,411504343500,흥선로16번길
S0066932,한식,4115011000,경기도,의정부시,가능동,\N,4115061500,흥선동,411504343500,흥선로16번길
S0066976,패스트푸드,4115010200,경기도,의정부시,호원동,\N,4115055500,호원2동,411503181017,범골로
S0066985,치킨,4122025330,경기도,평택시,안중읍,현화리,4122025300,안중읍,412204364453,안중로8번길
S0066987,심부름,4115010900,경기도,의정부시,금오동,\N,4115058000,자금동,411503000136,호국로
S0067100,야식,1153010800,서울특별시,구로구,오류동,\N,1153077000,오류1동,115304148075,경인로20가길
S0067134,한식,4161011000,경기도,광주시,태전동,\N,4161053000,광남동,416103211002,고불로
S0067139,돈까스/일식,4161011000,경기도,광주시,태전동,\N,4161053000,광남동,\N,\N
S0067140,한식,4161011000,경기도,광주시,태전동,\N,4161053000,광남동,416102012015,회안대로
S0067142,돈까스/일식,4161011000,경기도,광주시,태전동,\N,4161053000,광남동,416103211002,고불로
S0067145,야식,4161011000,경기도,광주시,태전동,\N,4161053000,광남동,416103211002,고불로
S0067147,찜탕,4161011000,경기도,광주시,태전동,\N,4161053000,광남동,416103211040,태봉로
S0067154,찜탕,4161011100,경기도,광주시,장지동,\N,4161053000,광남동,416103211033,순암로
S0067385,한식,4315011500,충청북도,제천시,고암동,\N,4315051800,의림지동,431503239041,신죽하로
S0067396,찜탕,4315011300,충청북도,제천시,청전동,\N,4315059000,청전동,431502239002,의림대로
S0067451,심부름,4115010900,경기도,의정부시,금오동,\N,4115058000,자금동,411503000136,호국로
S0069168,카페/디저트,4817013100,경상남도,진주시,가좌동,\N,4817074000,가호동,481702332003,진주대로
S0069180,회,4121010100,경기도,광명시,광명동,\N,4121054000,광명3동,412104361260,오리로964번길
S0069183,찜탕,4121010100,경기도,광명시,광명동,\N,4121052000,광명2동,412104361047,광명로952번길
S0069187,야식,4121010100,경기도,광명시,광명동,\N,4121055000,광명4동,412104361040,광명로893번길
S0069193,패스트푸드,4817010900,경상남도,진주시,대안동,\N,4817056500,중앙동,481702332003,진주대로
S0069195,야식,4817010600,경상남도,진주시,동성동,\N,4817056500,중앙동,481704797288,진주대로1032번길
S0069220,한식,4128111200,경기도,고양시 덕양구,동산동,\N,4128158000,창릉동,412813194069,동송로
S0069235,돈까스/일식,4119010900,경기도,부천시,상동,\N,4119061000,중동,411904352250,상일로122번길
S0069308,야식,4817010400,경상남도,진주시,칠암동,\N,4817051500,천전동,481704796493,동진로34번길
S0069311,아시안/양식,4817012600,경상남도,진주시,평거동,\N,4817071000,평거동,481703350068,새들말로
S0069314,야식,4817012600,경상남도,진주시,평거동,\N,4817071000,평거동,481704796872,신평공원길7번길
S0069327,찜탕,4817012600,경상남도,진주시,평거동,\N,4817071000,평거동,481703350068,새들말로
S0069334,야식,4817012000,경상남도,진주시,하대동,\N,4817067800,하대동,481704796389,도동로231번길
S0069345,한식,4817013700,경상남도,진주시,충무공동,\N,4817075000,충무공동,481703350069,에나로
S0069395,야식,4127310100,경기도,안산시 단원구,고잔동,\N,4127353500,호수동,412732190001,광덕대로
S0069396,야식,4127310100,경기도,안산시 단원구,고잔동,\N,4127353500,호수동,412732190001,광덕대로
S0069400,도시락,4127310100,경기도,안산시 단원구,고잔동,\N,4127353500,호수동,412733190012,광덕4로
S0069417,도시락,4115011000,경기도,의정부시,가능동,\N,4115061500,흥선동,411504343441,호국로1111번길
S0069418,도시락,4115011000,경기도,의정부시,가능동,\N,4115061500,흥선동,411504343441,호국로1111번길
S0069419,도시락,4115011000,경기도,의정부시,가능동,\N,4115061500,흥선동,411504343441,호국로1111번길
S0069420,도시락,4115011000,경기도,의정부시,가능동,\N,4115061500,흥선동,411504343441,호국로1111번길
S0069495,야식,4513014100,전라북도,군산시,수송동,\N,4513069000,수송동,451304604245,동수송3길
S0069496,야식,4513014100,전라북도,군산시,수송동,\N,4513069000,수송동,451304604245,동수송3길
S0069559,아시안/양식,4513014400,전라북도,군산시,나운동,\N,4513070200,나운2동,451304604524,서수송안1길
S0069560,아시안/양식,4513014400,전라북도,군산시,나운동,\N,4513070200,나운2동,451304604524,서수송안1길
S0069561,아시안/양식,4513014400,전라북도,군산시,나운동,\N,4513070200,나운2동,451304604524,서수송안1길
S0069562,아시안/양식,4513014400,전라북도,군산시,나운동,\N,4513070200,나운2동,451304604524,서수송안1길
S0069673,찜탕,4115010900,경기도,의정부시,금오동,\N,4115058000,자금동,411504343342,청사로47번길
S0069674,찜탕,4115010900,경기도,의정부시,금오동,\N,4115058000,자금동,411504343342,청사로47번길
S0069675,찜탕,4115010900,경기도,의정부시,금오동,\N,4115058000,자금동,411504343342,청사로47번길
S0069676,찜탕,4115010900,경기도,의정부시,금오동,\N,4115058000,자금동,411504343342,청사로47번길
S0069816,한식,4115011100,경기도,의정부시,녹양동,\N,4115062000,녹양동,411503181045,진등로
S0069817,한식,4115011100,경기도,의정부시,녹양동,\N,4115062000,녹양동,411503181045,진등로
S0069818,한식,4115011100,경기도,의정부시,녹양동,\N,4115062000,녹양동,411503181045,진등로
S0069826,심부름,4115011100,경기도,의정부시,녹양동,\N,4115062000,녹양동,411503181048,체육로
S0069827,심부름,4115011100,경기도,의정부시,녹양동,\N,4115062000,녹양동,411503181048,체육로
S0069828,심부름,4115011100,경기도,의정부시,녹양동,\N,4115062000,녹양동,411503181048,체육로
S0069837,한식,4115010500,경기도,의정부시,용현동,\N,4115057300,송산1동,411504343357,충의로57번길
S0069838,한식,4115010500,경기도,의정부시,용현동,\N,4115057300,송산1동,411504343357,충의로57번길
S0069839,한식,4115010500,경기도,의정부시,용현동,\N,4115057300,송산1동,411504343357,충의로57번길
S0069840,한식,4115010500,경기도,의정부시,용현동,\N,4115057300,송산1동,411504343357,충의로57번길
S0069841,한식,4115010500,경기도,의정부시,용현동,\N,4115057300,송산1동,411504343357,충의로57번길
S0069939,찜탕,4165010100,경기도,포천시,신읍동,\N,4165051000,포천동,416504439590,중앙로105번길
S0070020,심부름,4421010200,충청남도,서산시,동문동,\N,4421052500,동문1동,442103254072,서령로
S0070021,심부름,4421010200,충청남도,서산시,동문동,\N,4421052500,동문1동,442103254072,서령로
S0070022,심부름,4421010200,충청남도,서산시,동문동,\N,4421052500,동문1동,442103254072,서령로
S0070354,돈까스/일식,4115010600,경기도,의정부시,민락동,\N,4115057800,송산3동,411503181033,오목로
S0070355,돈까스/일식,4115010600,경기도,의정부시,민락동,\N,4115057800,송산3동,411503181033,오목로
S0070356,돈까스/일식,4115010600,경기도,의정부시,민락동,\N,4115057800,송산3동,411503181033,오목로
S0070357,돈까스/일식,4115010600,경기도,의정부시,민락동,\N,4115057800,송산3동,411503181033,오목로
S0070370,찜탕,4115010600,경기도,의정부시,민락동,\N,4115057800,송산3동,411504343540,오목로225번길
S0070886,카페/디저트,4115010400,경기도,의정부시,신곡동,\N,4115056800,신곡2동,411504343347,추동로108번길
S0071163,야식,4122025329,경기도,평택시,안중읍,송담리,4122025300,안중읍,412203350992,송담1로
S0071229,아시안/양식,4115010500,경기도,의정부시,용현동,\N,4115057300,송산1동,411504343163,부용로219번길
S0071230,아시안/양식,4115010500,경기도,의정부시,용현동,\N,4115057300,송산1동,411504343163,부용로219번길
S0071231,아시안/양식,4115010500,경기도,의정부시,용현동,\N,4115057300,송산1동,411504343163,부용로219번길
S0071232,아시안/양식,4115010500,경기도,의정부시,용현동,\N,4115057300,송산1동,411504343163,부용로219번길
S0071236,카페/디저트,4115010500,경기도,의정부시,용현동,\N,4115057300,송산1동,411504343225,시민로387번길
S0071328,야식,4115010100,경기도,의정부시,의정부동,\N,4115051000,의정부1동,411504343382,태평로73번길
S0071329,야식,4115010100,경기도,의정부시,의정부동,\N,4115051000,의정부1동,411504343382,태평로73번길
S0071339,아시안/양식,4115010100,경기도,의정부시,의정부동,\N,4115051000,의정부1동,411503215066,평화로
S0071340,아시안/양식,4115010100,경기도,의정부시,의정부동,\N,4115051000,의정부1동,411503215066,평화로
S0071341,아시안/양식,4115010100,경기도,의정부시,의정부동,\N,4115051000,의정부1동,411503181052,행복로
S0071460,한식,4115010100,경기도,의정부시,의정부동,\N,4115052000,의정부2동,411504343114,둔야로17번길
S0071461,한식,4115010100,경기도,의정부시,의정부동,\N,4115052000,의정부2동,411504343114,둔야로17번길
S0071462,한식,4115010100,경기도,의정부시,의정부동,\N,4115052000,의정부2동,411504343114,둔야로17번길
S0071463,한식,4115010100,경기도,의정부시,의정부동,\N,4115052000,의정부2동,411504343114,둔야로17번길
S0071464,한식,4115010100,경기도,의정부시,의정부동,\N,4115052000,의정부2동,411504343114,둔야로17번길
S0071492,한식,4115010100,경기도,의정부시,의정부동,\N,4115051000,의정부1동,411504343199,시민로132번길
S0071493,한식,4115010100,경기도,의정부시,의정부동,\N,4115051000,의정부1동,411504343199,시민로132번길
S0071494,한식,4115010100,경기도,의정부시,의정부동,\N,4115051000,의정부1동,411504343199,시민로132번길
S0071496,분식,4115010100,경기도,의정부시,의정부동,\N,4115051000,의정부1동,411504343201,시민로146번길
S0071543,한식,4136026221,경기도,남양주시,오남읍,양지리,4136026200,오남읍,413603197050,진건오남로
S0071544,한식,4136026221,경기도,남양주시,오남읍,양지리,4136026200,오남읍,413603197050,진건오남로
S0071545,한식,4136026221,경기도,남양주시,오남읍,양지리,4136026200,오남읍,413603197050,진건오남로
S0071560,도시락,4115010400,경기도,의정부시,신곡동,\N,4115056700,신곡1동,411503000001,동일로
S0071561,한식,4115010400,경기도,의정부시,신곡동,\N,4115056700,신곡1동,411503000001,동일로
S0071636,한식,4115011000,경기도,의정부시,가능동,\N,4115059500,가능동,411504343232,신촌로29번길
S0071637,한식,4115011000,경기도,의정부시,가능동,\N,4115059500,가능동,411504343232,신촌로29번길
S0071687,찜탕,4623010600,전라남도,광양시,중동,\N,4623053000,중마동,462304655180,발섬2길
S0071690,야식,4125010100,경기도,동두천시,송내동,\N,4125056600,송내동,412504367142,중앙로33번길
S0071700,야식,4122010100,경기도,평택시,서정동,\N,4122052000,서정동,412204364826,특구로23번길
S0071720,한식,4421010900,충청남도,서산시,예천동,\N,4421055000,석남동,442103254206,호수공원7로
S0071752,야식,4723010200,경상북도,영천시,망정동,\N,4723051000,동부동,472303310017,언하공단로
S0071777,카페/디저트,4150010100,경기도,이천시,창전동,\N,4150051000,창전동,415003207076,향교로
S0071787,야식,4127110300,경기도,안산시 상록구,사동,\N,4127153700,해양동,412714370508,학사2길
S0071788,카페/디저트,4421010200,충청남도,서산시,동문동,\N,4421053500,동문2동,442103254127,율지3로
S0071800,한식,4513014100,전라북도,군산시,수송동,\N,4513069000,수송동,451304604246,동수송4길
S0071801,한식,4513014100,전라북도,군산시,수송동,\N,4513069000,수송동,451304604246,동수송4길
S0071802,한식,4513014100,전라북도,군산시,수송동,\N,4513069000,수송동,451304604246,동수송4길
S0071866,한식,4115010400,경기도,의정부시,신곡동,\N,4115056800,신곡2동,411504343355,추동로92번길
S0071889,한식,4115010200,경기도,의정부시,호원동,\N,4115054500,호원1동,411503215066,평화로
S0071894,카페/디저트,4115010200,경기도,의정부시,호원동,\N,4115055500,호원2동,411503181017,범골로
S0071910,한식,4421010100,충청남도,서산시,읍내동,\N,4421051000,부춘동,442103254135,읍내1로
S0071911,배달전문업체,4513014100,전라북도,군산시,수송동,\N,4513069000,수송동,451304605017,축동2길
S0071912,배달전문업체,4513014100,전라북도,군산시,수송동,\N,4513069000,수송동,451304605017,축동2길
S0071966,카페/디저트,4125010200,경기도,동두천시,지행동,\N,4125056500,불현동,412504367195,행선로20번길
